First_Name,Gender_Guesser
fred,male
ben,male
shaherose,unknown
maia,female
harj,unknown
robert,male
sumaya,female
eric,male
jonathon,male
kevin,male
justin,male
bijan,mostly_male
mark,male
ty,male
simon,male
bryce,mostly_male
zach,male
seth,male
whitney,mostly_male
ryan,mostly_male
charles,male
wil,andy
michael,male
ari,male
richard,male
brad,male
doug,male
jon,male
toby,mostly_male
andy,male
dens,unknown
erik,male
olivier,male
dennis,male
david,male
dave,male
kirk,male
susan,female
laurent,male
philip,male
skyler,andy
mike,male
perry,male
alexander,male
lockhart,unknown
geoff,male
emre,male
daryn,unknown
tristan,male
john,male
tereza,female
daniel,male
mic,unknown
rex,male
dominic,male
micah,male
andrew,male
tom,male
greg,male
matt,male
austin,male
jennifer,female
sean,male
sharman,female
duncan,male
jesse,male
kristen,female
owen,male
frederic,male
julie,female
sarah,female
anthony,male
augie,unknown
marie,female
krystyl,unknown
amber,female
maria,female
kristin,female
melody,female
adam,male
derek,male
mario,male
nikolay,male
paul,male
esther,female
maya,female
louis,male
lena,female
caroline,female
danielle,female
iamkhayyam,unknown
brian,male
yuna,female
megan,female
chrissaad,unknown
hao,andy
jim,male
nathaniel,male
tina,female
ana,female
fee,female
isaac,male
eli,female
pat,andy
crystal,female
christine,female
semira,female
raj,mostly_male
joanne,female
rebecca,female
lee,mostly_male
dharmesh,unknown
magnus,male
emily,female
dustin,male
derrik,unknown
reyner,unknown
carmella,female
joselin,unknown
chris,mostly_male
grant,male
cap,unknown
ricky,male
halle,female
adora,unknown
elad,male
sumon,unknown
alexis,male
thomas,male
howie,male
siobhan,female
kulveer,unknown
gustaf,male
patrick,male
jeff,male
darius,male
bill,male
zain,unknown
tessa,female
elavrov,unknown
tara,female
anna,female
george,male
boris,male
cassandra,female
contz,unknown
harper,male
kasi,unknown
alessandro,male
alexdc,unknown
jason06,unknown
luca,male
nick,male
joe,male
carolyn,female
arik,male
arne,male
sven,male
branden,male
the,mostly_female
mohammed,male
peter,male
martin,male
meetdux,unknown
epirot,unknown
kate,female
james,male
herb,male
shaun,male
ville,male
alex,male
tony,male
roman,male
lindsay,mostly_female
red,andy
miguel,male
mohans,unknown
teresa,female
dirk,male
bernd,male
rich,mostly_male
basibanget,unknown
steve6,unknown
taro,male
keith,male
jeph,unknown
rubin,male
scott,male
stuart,male
luis,male
carol,mostly_female
zsolt,male
cory,mostly_male
zamil,male
eric07,unknown
rus,female
fernando,male
rob,male
liz,female
carmen,female
jeremy,male
tim,male
soup,unknown
jan,male
carlos,male
stephen,male
aaron,male
yair,male
christophe,male
hardeep,mostly_male
yaron,male
kosmar,unknown
felix,male
roi,unknown
kirtan,unknown
jason,male
xavier,male
anders,male
marty,mostly_male
drew,male
zachary,male
christa,female
jill,female
ed,male
ramon,male
susie,female
julien,male
cs,unknown
pete,male
ron,male
jake,male
joseph,male
graeme,male
malte,male
ali,male
thijs,male
tuyen,andy
wayne,male
angelique,female
randal,male
sachee,unknown
schneidermike,unknown
shaff,unknown
daphne,female
ahmed,male
stephanie,female
florian,male
stacy,mostly_female
joann,female
matthew,male
bendik,male
bob,male
marsha,female
markies,unknown
pierre,male
desiree,female
guidoz,unknown
guillaume,male
toph,unknown
kenneth,male
bryan,male
swizec,unknown
clement,male
will,mostly_male
mikey,unknown
warren,male
gokmen,unknown
juha,male
sam,mostly_male
miroslav,male
johann,male
jose,male
itamar,male
yuri,male
shane,male
jean,male
brendan,male
jessica,female
allan,male
kyle,mostly_female
erich,male
gerard,male
baard,male
josiah,male
steve,male
sanford,male
ohmar,unknown
schlomo,unknown
shahar,male
nathan,male
bastian,male
kabir,male
joeann,unknown
jazzper,unknown
jonathan,male
joel,male
k_current,unknown
deb,female
rohit,unknown
jamie,mostly_female
alvin,male
mara,female
spencer,male
avi,male
dion,male
christopher,male
daniella,female
ted,male
konstantinos,male
oded,male
nan,mostly_female
chrissie,female
amir,male
ryan35,unknown
johnny,male
piers,male
celine,unknown
denton,unknown
jure,male
per,male
stephane,unknown
brandon,male
arno,male
wout,male
brett,male
kostas,male
eduardo,male
rayyan,male
ta,unknown
kolya,male
moritz,male
vinko,male
m,unknown
ernie,male
socialspace,unknown
narendra,unknown
uk,mostly_male
philippe,male
jacques,male
bakari,unknown
burt,male
cliff,male
michelle,female
benboubker,unknown
maarten,male
bart,male
tia,female
corey,mostly_male
petr,male
steven,male
chuck,male
derick,male
janet,female
christian,male
localkit,unknown
jonas,male
pedro,male
jen,female
lacey,female
riaz,male
ian,male
tburford,unknown
werner,male
rick,male
oyvind,unknown
larry,male
terry,mostly_male
ashworth,unknown
phil,male
amine,male
andreas,male
andre,male
antonio,male
petteri,male
ross,male
marcus,male
cristian,male
nikos,male
roberto,male
gareth,male
marco,male
andrei,male
colin,male
deborah,female
mathias,male
petar,male
janae,female
tuhin,unknown
terrence,male
isaiah,male
lyre,unknown
adrienne,female
geoffrey,male
andrea,female
sidewalk,unknown
ruben,male
gina,female
kynam,unknown
johan,male
dan,male
marshall,male
jacob,male
josh,male
jerry,male
kathleen,female
marc,male
justyn,male
adarsh,andy
luke,male
aidan,male
moon,andy
jack,male
darren,male
cynthia,female
grum,unknown
finn,male
fanch,male
mohammad,male
zak,male
spam,unknown
federico,male
sebastian,male
flavio,male
sue,female
kelly,mostly_female
olllllo,unknown
hector,male
sachar,unknown
vince,male
yosi,unknown
vanmaanen,unknown
francesco,male
chris82,unknown
eran,male
dmitry,male
linda,female
maxime,mostly_male
saul,male
mikkel,male
chetan,unknown
eileen,female
majento,unknown
burnmyfeed,unknown
youngji,unknown
william,male
matthieu,male
kelsey,mostly_female
kimberley,female
brady,male
graham3,unknown
tommy,male
edouard,male
lon,mostly_female
amanda,female
djordje,unknown
jasoncrouch,unknown
larissa,female
devin,mostly_male
evan,male
victor,male
tweetamar,unknown
lorenzo,male
lorena,female
arturs,male
jumapili,unknown
dylan,mostly_male
beau,male
mateo,male
dane,male
donavon,unknown
charlene,female
ernst,male
marek,male
glenn,male
mollierosev,unknown
starsky,unknown
meghan,female
ralph,male
stephan,male
alfredo,male
paolo,male
akshay,unknown
mircea,male
aleksander,male
iizliz,unknown
jared,male
daynah,unknown
marcelino,male
fabian,male
don,male
emmanuel,male
janis,female
monique,female
jari,male
amy,female
craig,male
rene,male
cassel,unknown
tyler,mostly_male
ken,male
tiago,male
rmn,unknown
beth,female
sally,female
yoav,male
vaughn,male
frank,male
ketan,unknown
mochi,unknown
morgan,mostly_male
kurt,male
antone,male
marlenjoy,unknown
kalimah,unknown
val,mostly_female
chrys,unknown
abhishek,unknown
vinny,unknown
alan,male
gianni,male
kashif,male
ronald,male
mellyssa,unknown
ludovic,male
eugene,male
roel,male
sameer,male
juan,male
hagai,male
gerrit,mostly_male
bobby,male
altan,male
heiko,male
joachim,male
leon,male
steffen,male
konrad,male
benjamin,male
sheryl,female
alenar,unknown
cecilia,female
rod,male
tomislav,male
anil,male
erin,mostly_female
volker,male
jackson,male
todd,male
heather,female
salvatore,male
arun,male
bert,male
detavio,unknown
ata,male
rebekah,female
himanshu,unknown
son,mostly_male
shawn,mostly_male
raman,male
felipe,male
usman,male
jenn,female
elio,male
katy,female
dean,male
neil,male
paras,unknown
elysa,female
yuliya,female
sha,andy
rahmin,unknown
julia,female
jp,unknown
elizabeth04,unknown
joey,male
ade,female
yang,andy
aimee,female
hung,andy
conor,male
casey,andy
blake,mostly_male
sunil,mostly_male
russell,male
forrest,male
ethan,male
shashi,mostly_female
bruce,male
kathy,female
kobi,male
mary,mostly_female
lauren,mostly_female
anngelica,unknown
polle,unknown
charlie,mostly_male
monica,female
hip_m0m,unknown
wes,male
marisa,female
rosspr,unknown
lori,female
melissa,female
jay,male
antoine,male
max,male
ralph6,unknown
emilyspearl,unknown
holly,female
gary,male
kye,andy
danny,male
ace,unknown
kirby,mostly_male
adrian,male
kim,mostly_female
harry,male
casie,female
inaki,unknown
leighton,male
sheema,female
em,unknown
gemma,female
claudio,male
warlach,unknown
chad,male
yann,male
hazel,female
wvshrk,unknown
orlando,male
jordan,male
adri,andy
dutch,unknown
howard,male
mandy,female
tonia,female
saadiq,unknown
meg,female
janelle,female
gordon,male
cesar,male
idan,male
darrell,male
jamin,male
damien,male
ahuvah,female
alli,female
prashant,male
nabeel,male
susanna,female
thefatapple,unknown
marla,female
phoebe,female
irene,female
kikithedinosaur,unknown
brenden,male
gideon,male
reece,male
gregg,male
hunter,mostly_male
nic,male
nav,unknown
jesper,male
ivan,male
anjelika,unknown
ann,female
bjorn8,unknown
keegan,male
kaushal,female
raul,male
chet,male
pasquale,male
joshua,male
abbott,unknown
trevor,male
jed,male
reed,male
manlio,male
april,female
taylor,mostly_male
elizabeth,female
cameron,mostly_male
allen,male
iain,male
prospect_park,unknown
kiril,male
kc,unknown
anda,female
tricia,female
amy42,unknown
bryn,mostly_male
utku,male
mel,mostly_female
pamela,female
levi,male
nichelle,female
vik,unknown
filip,male
robin,mostly_male
rory,male
stefan,male
kp,unknown
bbcradio1,unknown
hugh,male
naseem,male
ming,andy
ritesh,unknown
saneel,unknown
navatorcom,unknown
nicholas,male
nicky,male
calvin,male
bharat,andy
niel,unknown
nader,male
furqan,unknown
laura,female
liz8,unknown
diego,male
manisha,female
mandi,female
erica,female
ashley,mostly_female
giancarlo,male
vishal,unknown
jessica01,unknown
tanya,female
tarah,female
carla,female
iqram,unknown
dolapo,unknown
suzanne,female
summer,andy
maribel,female
micha,mostly_male
sol,female
anirban,unknown
julian4,unknown
jp3,unknown
chaz,male
facundo,male
pablo,male
bruno,male
conz,unknown
luciano,male
santiago,male
nicolas,male
conrad,male
kati,female
cat,mostly_male
sophia,female
grellan,unknown
katie,female
karen,female
mohit,unknown
rosie,female
tikva,female
vikram,male
jaymes,unknown
elise,female
alice,female
stan,male
tenlow,unknown
indira,female
renato,male
sandra,female
lawrence,male
dana,female
kushal,unknown
nate,female
stefano,male
joao,unknown
kyoung,andy
fenix,unknown
mantesso,unknown
natebd,unknown
wungjae,unknown
solopedrito,unknown
hawaii,unknown
douglas,male
jimmy,male
angela,female
norah,female
elan,male
damon,male
clarke,male
sutae,unknown
leslie,mostly_female
ronalds,unknown
thibault,male
yuji,male
elisabeth,female
rameet,unknown
kp_park,unknown
bitsy,unknown
daniel7,unknown
molly,female
dimitry,unknown
alexei,male
declan,male
giuseppe,male
mari,female
vlad,male
meaghan,female
elvi,female
victoria,female
arish,unknown
elana,female
gonzague,male
audrey,female
oliv,unknown
francois,unknown
gabor,unknown
ktinka,unknown
sitar,unknown
nico,male
derbenni,unknown
johannes,male
edial,unknown
franzi,female
thom,male
ricardo,male
sarah2,unknown
einat,female
hugo,male
chelsea,female
calamity,unknown
jayant,unknown
sonali,female
halley,unknown
guy,male
joakim,male
pelin,female
jens,male
harald,male
pelle,male
claus,male
anton,male
mollie,female
philcomputing,unknown
olof,male
khoi,andy
caity,unknown
burcu,female
tolga,male
burcak,unknown
yusuf,male
baris,unknown
burak,male
volkan,male
ekim,unknown
meric,unknown
deniz,mostly_female
h,unknown
alemsah,unknown
gercek,unknown
eren,male
randy,mostly_male
clay,male
maura,female
kimmie,unknown
sueann,female
al,male
phaedra,female
patty,female
natala,female
mat,female
selene,female
muyiwa,unknown
bev,mostly_female
amish,unknown
carrie,female
aditya,male
gavin,male
miki,female
betsy,female
sachin,male
alexis4,unknown
malcolm,male
alex5,unknown
lukas,male
bridget,female
immad,unknown
sahil,unknown
jamie06,unknown
diane,female
rj,unknown
remi,male
niccolo,unknown
dannifromdublin,unknown
tk,unknown
chip,male
billy,male
courtenay,mostly_male
amol,unknown
brittney,female
vivian,female
maddie,female
digi,unknown
barrie,mostly_male
brynn,mostly_male
mig,unknown
gregorio,male
samir,male
claire,female
christy,female
twanna,unknown
thadd,unknown
diogo,male
russ,male
diana,female
caleb,male
kimberly,mostly_female
jasoncarlin,unknown
emanuele,male
chakib,male
paull,unknown
pj,unknown
annie,female
cindy,female
christina,female
downtownrob,unknown
edward,male
melodie,female
mitch,male
richie,male
kai,male
nik,male
outsider,unknown
sonia,female
len,male
collin,male
azin,female
sosia,unknown
erika,female
courtney,mostly_female
jasmine,female
ash,unknown
lucas,male
laneth,unknown
nikki,female
oli,mostly_male
juzzash,unknown
ollie,andy
jaime,male
zeitgeist,unknown
cia,unknown
zvi,male
richlocation,unknown
brian2,unknown
pob,unknown
min,andy
jacki,female
foursquare,unknown
hajj,unknown
aj,unknown
rutger,male
hakan,male
rachel,female
trey,male
noah,male
whitney6,unknown
sara,female
leftonred,unknown
brian023,unknown
patrice,male
alib,unknown
michel,male
kenji,male
dblsht,unknown
connie,mostly_female
leif,male
dora,female
marjie,unknown
jascha,mostly_male
moka,unknown
asher,male
winnie,mostly_female
garrett,male
brent,male
darryl,male
bim,unknown
suki,unknown
casi,unknown
henry,male
sylvie,female
arseny,male
dario,male
antonelli,unknown
leanne,female
aaron31,unknown
brittany,female
b,unknown
sophie,female
bernie,mostly_female
chrysi,female
daryll,mostly_male
bala,female
radha,female
pravin,unknown
lynn,mostly_female
intelwimax,unknown
aleksandrs,male
lucia,female
shambhu,unknown
alfred,male
julian,male
scooter,unknown
k1mb3rly,unknown
maureen,female
tech,unknown
vidar,male
kelley,mostly_female
cyrus,male
harish,male
nikolai,male
king,male
colin5,unknown
jeff3,unknown
dru,male
spiros,male
dougal,male
rak35h,unknown
hiten,unknown
lance,male
hamed,male
uriah,mostly_male
nam,male
jayne,female
stacia,female
nancy,female
bradley,male
katia,female
zachariah,male
geetika,unknown
sid,mostly_male
crosspollinate,unknown
remington,male
dorothy,female
trina,female
timoni,unknown
chi8,unknown
kara,female
phatemokid,unknown
nuttakorn,unknown
tobias,male
stephen4,unknown
winston,male
harinder,mostly_male
joy,female
paula,female
wilfried,male
carl,male
brprgroup,unknown
stuyvesant,unknown
mason,male
4sq,unknown
gunnar,male
aubrey,andy
amalucky,unknown
eliot,male
meredith,mostly_female
barona,unknown
madusha,unknown
y,unknown
lyndi,female
walter,male
emerson,male
sydney,mostly_male
dee,mostly_female
eflirt,unknown
lea,female
tracksfor,unknown
vivian9,unknown
noran,unknown
jeremy0,unknown
anna5,unknown
parveen,female
veronica,female
chase,male
lan3,unknown
arthur,male
mich,unknown
jorge,male
theresa,female
dawn,female
vulgar,unknown
alison,female
eunji,unknown
nir,male
mrshri,unknown
marivic,unknown
regina,female
ugur,unknown
niki,female
mzaher,unknown
gray,male
byron,male
damean,unknown
b1zzle,unknown
matthijs,male
jenna,female
travis,male
remy,male
giulio,male
angus,male
yukihiro,male
advicetv,unknown
damian,male
faisal,male
rt,unknown
stacey,mostly_female
luigi,male
shinya,male
kris,mostly_male
cheryl,female
jina,andy
jase,unknown
erick,male
joerg,unknown
torsten,male
matthias,male
valeria,female
patricia,female
pavel,male
randall,male
darragh,male
daves,unknown
edney,unknown
derry,male
denise,female
eske,andy
adland,unknown
jules,male
odhran,male
eoin,male
willem,male
othman,male
adiel,unknown
maya6,unknown
sukhchander,unknown
albert,male
ori,male
brian65,unknown
flounder,unknown
owlsquid,unknown
christiaan,male
stefania,female
vignesh,unknown
kibbe,unknown
luc,male
ambrosia,female
kimble,unknown
cole,male
jerome,male
seiji,male
graham,male
ellen,female
sam8,unknown
wesley,male
da3mon,unknown
valentina,female
alicia,female
clair,mostly_male
lois,female
jarrett,male
boon,unknown
guido,male
leland,male
waynn,unknown
deonne,unknown
aniq,unknown
jeremiah,male
go,male
oscar,male
mahesh,male
livia,female
bastien,male
arjun,male
gui,andy
roderic,male
niniane,unknown
shishir,unknown
emmett,male
vivek,male
doriane,female
allison,female
gabe,male
seamuss,unknown
roland,male
giorgio,male
karl,male
kushtrim,male
aditi,female
natasha,female
gee,andy
troy,male
zubin,andy
nilay,female
katrina,female
emma,female
thecultureofme,unknown
tomtom,unknown
addison,andy
alexandra,female
orli,female
sheena,female
melanie,female
seedart,unknown
silentclark,unknown
timothy,male
denisbeta,unknown
marcio,male
ardy,female
jeroen,male
aj5,unknown
kit,mostly_male
elaine,female
katzmatt,unknown
jeffrey,male
francesc,male
kirill,male
dimitri,male
kamel,male
thais,unknown
olivia,female
lioninside,unknown
phillip,male
hidekazu,male
worawisut,unknown
aziz,male
logan,mostly_male
itumoo,unknown
miska,female
stephanie112,unknown
elie,male
weboo,unknown
yukari,female
benoit,unknown
mikhail,male
jakrapong,unknown
hendric,unknown
fatih,male
monoli,unknown
jackie,andy
ichikawa,unknown
mas,unknown
tomo,male
voyager_vision,unknown
naokinis,unknown
katinka,female
inuro,unknown
shannon,mostly_female
marita,female
ruby,female
lisa,female
fabricio,male
brighita,unknown
bakainu,unknown
loungep,unknown
mizuman,unknown
adi,male
maggie,female
semicolon,unknown
tiphereth,unknown
maiki,female
rennie,female
vasil,male
leah,female
iphone,unknown
gakujin,unknown
nikita,male
thomesss,unknown
thilo,male
badr,male
andie,female
akili,unknown
kazuya,male
miss,unknown
sami,male
arnold,male
firestartr,unknown
adaline,unknown
seokwon,unknown
tracy,mostly_female
annicka,unknown
poundsine,unknown
hal,male
loic,unknown
playboy,unknown
troi,unknown
shehab,unknown
titti,female
jd,unknown
kontell,unknown
melonlicious,unknown
lostben,unknown
hubert,male
jonfreeze,unknown
sandro,male
wade,male
cristina,female
alistair,male
mo,mostly_male
jay1,unknown
viking,male
ryu,male
barry,male
meryl,mostly_female
tsuka,unknown
achal,unknown
alice_dia,unknown
takeshi,male
jochen,male
julius,male
praveen,mostly_male
piero,male
gabriel,male
kristopher,male
daisuke,male
pramote,unknown
aurelien,male
dave161,unknown
sungkyu,male
kota,male
shinichi,male
saad,male
ono,unknown
ryusuke,male
smokeymonkey,unknown
samuel,male
olaf,male
junichi,male
egor,male
626024,unknown
anny,female
annush,unknown
oseledko,unknown
fujino,unknown
jazznotjazz,unknown
tibor,male
manu,male
kiki,female
osamu,male
sarasota,unknown
kazu,unknown
hosung,unknown
seungwoon,unknown
katherine,female
nya,unknown
xenop,unknown
yuriy,male
26,unknown
joroan,unknown
willie,mostly_male
josh9,unknown
dom,unknown
tae,mostly_male
tatum,female
ray,mostly_male
ziv,male
payam,male
bertrand,male
macon,unknown
socialdinocom,unknown
rg,unknown
gianluca,male
zelia,unknown
gijsbregt,unknown
cherif,male
alejandro,male
ktdata,unknown
camille,mostly_female
yasha,unknown
mafesto,unknown
duane,male
georgiana,female
jeffry,male
kazuhito,male
barb,female
emilie,female
hidde,male
gilberto,male
rannie,unknown
martijn,male
wickednoize,unknown
matteo,male
marci,female
madelin,unknown
clinton,male
finnious,unknown
hrish,unknown
oliver,male
moeed,unknown
krasimir,male
dave3,unknown
catalino,male
raja,mostly_male
maxt3r,unknown
ashley2,unknown
eugenio,male
lewis,male
juanito,male
nihaar,unknown
kerry,mostly_female
shamik,unknown
merje,female
sabah,female
jez,unknown
sassy,unknown
dmitriy,male
inna,female
barret,unknown
yildiray,unknown
naomi,female
euphrosini,unknown
nicole,female
kareem,male
dedi,unknown
sylwia,female
michele,female
takashi,male
fabio,male
fabrizio,male
alberto,male
mauro,male
chiara,female
enrico,male
omar,male
adriano,male
tommaso,male
caterina,female
stefigno,unknown
francesca,female
gianluigi,male
nicola,female
aaron45,unknown
leon3,unknown
clayton,male
jenika,unknown
batta,male
gaspar,male
rand,female
dakota,mostly_male
razz,unknown
motsandco,unknown
anderson,male
christine8,unknown
alexandre,male
cotono,unknown
loritodd,unknown
stephanie4,unknown
edwin,male
mickael,male
mathilde,female
donna,female
beto,unknown
rafael,male
nathalie,female
angel,male
enzo,male
marcos,male
hj,unknown
wagner,male
tiziano,male
alessio,male
nicolo,male
filippo,male
silvia,female
massimo,male
imod,unknown
elena,female
davide,male
geert,male
mei,andy
icednyior,unknown
kaz,unknown
salocinten,unknown
fudds,unknown
ella,female
lars,male
eva,female
debbie,female
curtis,male
tammy,female
barbara,female
donald,male
markus,male
wolfgang,male
yannick,male
hasan,male
kathrin,female
till,male
hertje,unknown
aleksandar,male
jette,female
websenat,unknown
jurgen,male
dete,unknown
bjorn,male
neinahh,unknown
nils,male
mitch8,unknown
olli,male
stephi,unknown
wini,unknown
taalke,female
uli,mostly_male
jo,andy
carsten,male
ralph4,unknown
heinrich,male
ch1c425,unknown
matt357,unknown
jason9,unknown
atsushi,male
tamra,female
grace,female
darold,male
michigangoblue,unknown
takehiko,male
kendra,female
jae,andy
aric,male
toonmonk,unknown
aurorasreal,unknown
neel,female
huasonic,unknown
deinocratisfd,unknown
micke,male
lizzy,female
javier,mostly_male
sanjive,unknown
chrisdsmith,unknown
emilee,female
tamtomo,unknown
sunghwan,male
schee,unknown
sergiu,male
justine,female
tbd,unknown
asyraf,unknown
noelle,female
hust0058,unknown
frontriver,unknown
teerapong,unknown
ayumi,female
hans,male
isamarinda,unknown
nattapong,unknown
watcharapong,unknown
song,andy
arunram,unknown
daily,unknown
jess,male
mohamad,male
khaled,male
gillian,female
filipe,male
jiri,unknown
deus,unknown
petra,female
stepan,male
synopsi,unknown
jakub,male
josef,male
tomas,male
honza,unknown
matous,unknown
krystof,unknown
ondrej,male
vit,unknown
eliska,unknown
antonin,male
jirka,male
jozef,male
sandy,mostly_female
marcel,male
motti,male
adel,male
joanna,female
uristocrat,unknown
marilyn,female
nicole2,unknown
derrick,male
jonne,male
mikael,male
viljami,male
tuomas,male
janne,female
mika,male
erno,male
bryna,female
pascal,male
henrik,male
sande,unknown
angela7,unknown
dottie,female
cbanks,unknown
emile,male
axel,male
1,unknown
rogerio,male
bitebritt,unknown
mar,female
marq,unknown
americanpatriot,unknown
utymo,unknown
sounun,unknown
maikel,male
monien,unknown
marcus1,unknown
missy,female
techgurujeff,unknown
cleo,mostly_female
gaia,female
amarante,unknown
sewcreative,unknown
modeling22,unknown
armand,male
freddy,male
aresha,unknown
rudy,male
tori,female
socal,unknown
arakdraja,unknown
claudia,female
zack,male
alefiyah,unknown
alvi,unknown
kalani,unknown
gustavo,male
taq156,unknown
art,male
eagerexistence,unknown
frederiek,unknown
reiser,unknown
henk,male
ne,unknown
rue,unknown
garrick,male
mash,unknown
siba7777,unknown
c,unknown
tsuo,unknown
versha,unknown
steve1,unknown
amasamas,unknown
62,unknown
sammy,male
deiss,unknown
isti,unknown
corbin,male
sheraz,unknown
naveen,mostly_male
topher,unknown
martins,unknown
jabari,male
lici,unknown
ankit,male
ihase,unknown
justo,male
hutch,unknown
kumiko,female
eszter,female
francisco,male
chun,andy
lily,female
ahmadreza,unknown
lynda,female
tatiana,female
chrissy,female
karly,female
sergio,male
sanjay,male
namita,female
florence,female
ntone,unknown
sietoebie,unknown
tanguy,male
raphael,male
kristof,male
stijn,male
paul82,unknown
knoedeldealer,unknown
matthias8,unknown
crackr,unknown
regine,female
silke,female
gerald,male
tane,male
darcie,female
marius,male
wendy,female
arturo,male
novani,unknown
putra,unknown
satya,male
fryska,unknown
snydez,unknown
yoga,unknown
chitrayani,unknown
anggoro,unknown
iman,male
jambo,unknown
rangga,unknown
willy,male
dita,female
dani,male
veriyanta,unknown
movement,unknown
llcheesell,unknown
masashi,male
anne,female
mattersofgrey,unknown
sicky,unknown
heidi,female
erwan,male
heather85,unknown
kailei,unknown
alec,male
kayla,female
orchid,unknown
zane,female
jenny,female
visit_jax,unknown
gatorgnome,unknown
kristina,female
bianca,female
riccardo,male
federica,female
marileda,unknown
ilja,male
balazs,unknown
dobo,unknown
andras,unknown
emilio,male
jayson,male
nicedream,unknown
eddy,male
eyad,male
fawaz,male
feras,male
maamoun,male
sana,female
baher,male
yaz,unknown
boyd,male
elias,male
uxsoup,unknown
mohamed,male
ariel,male
gregory,male
alisa,female
ruud,male
karmen,female
arnaud,male
ennick,unknown
regis,male
soraya,female
alain,male
etienne,male
thibaud,male
yoann,male
sandrine,female
mikaeldorian,unknown
hedi,female
msvk,unknown
nadya,female
chloe,female
clemnt,unknown
leonor,female
gillet,unknown
kjell,male
gunther,male
mendel,male
sander,male
farris,unknown
mallory,mostly_female
stevie,mostly_male
itai,male
ofer,male
itzik,male
sharon,female
gilad,male
shay,male
dor,mostly_female
niv,male
liraz,female
fabien,male
cara,female
jenna8,unknown
kenley,male
laurence,female
hairunizam,unknown
kira,female
chirag,unknown
vanessa,female
aaronpk,unknown
ameer,male
christiane,female
mjays,unknown
cla,unknown
hendrik,male
liron,male
sim,andy
waxmuth,unknown
krispin,unknown
reinerwein,unknown
maor,male
zviki,unknown
oren,male
jiajia,andy
gauri,female
anibal,male
manolo,male
constance,female
capucine,female
herve,unknown
sebastien,male
enikao,unknown
kais,male
petitesphrases,unknown
morgiane,female
willou,unknown
reymonde,female
espen,male
helge,male
asmund,unknown
bjrn,unknown
eirik,male
nina,female
olishaw,unknown
lyndon,male
julio,male
aden,male
swemeatballs78,unknown
aalia,unknown
raymond,male
jonna,female
kamran,male
sumochewie,unknown
tj,unknown
trish,female
rey,unknown
rusty,andy
alex86,unknown
guntis,male
mouselink,unknown
jlynn,unknown
zarabeatriz,unknown
matias,male
mario85,unknown
virginie,female
tamas,male
leroy,male
fabuliss,unknown
paulo,male
shigaepouyen,unknown
skive,unknown
roy,male
vonetta,unknown
berniejmitchell,unknown
ady,mostly_female
alastair,male
vincent,male
4sqchicago,unknown
abi,unknown
pasowine,unknown
sussex,unknown
asad,male
kell,male
koen,male
tijs,male
hashem,male
evka,unknown
vuk,male
powen,unknown
woojin,unknown
8con,unknown
88,unknown
janine,female
bas,male
heleenvanlier,unknown
robbie,male
colbsi,unknown
wolfcat,unknown
tal,andy
dermot,male
dina,female
cathie,female
jye,unknown
tracie,female
kacy,female
critter,unknown
antonia,female
curt,male
arisha,unknown
charnita,unknown
kd,unknown
big,unknown
thien,andy
sacha,mostly_female
almitra,unknown
nalin,unknown
henry36,unknown
tiffany7,unknown
helen0,unknown
tharindu,unknown
rian,mostly_female
limeduck,unknown
inerd,unknown
ronsho,unknown
meir,male
sergey,male
steffanie,female
glen,male
ozgur,unknown
lynsey,female
iliask,unknown
daria,female
yasuo,male
burk,unknown
mplstv,unknown
sebastjan,male
evert,male
nickolas,male
oskar,male
alissa,female
henri,male
lim,andy
dieter,male
urska,unknown
frankie,andy
cam,mostly_female
staart,unknown
romain,male
jennifer2,unknown
shalin,unknown
emrah,male
manuel,male
rainer,male
djure,unknown
corrie,female
sabine,female
michiel,male
iskander,male
sien,female
dim,unknown
wouter,male
frederik,male
jol,unknown
arjen,male
gyurka,unknown
norbert,male
jc,unknown
blu,unknown
iris,female
mathieu,male
ber,male
birger,male
ole,male
casper,male
mads,male
jeppe,male
ulrik,male
bertel,male
ronnie,mostly_male
rune,male
kathrine,female
sommerglde,unknown
laurajul,unknown
ib,male
signe,female
dagmar,female
morten,male
vito,male
kasper,male
katrine,female
rasmus,male
kristian,male
ova,unknown
finnur,male
christoffer,male
cathrine,female
hanne,female
gus,male
danijel,male
ales,unknown
matjaz,unknown
andrej,male
anej,unknown
bashi_b,unknown
roni,male
alivea,unknown
martha,female
emil,male
luke360,unknown
falk,male
dillon,male
chirayu,unknown
brook,mostly_female
sang,andy
nelson,male
phernando,unknown
bri,unknown
luann,female
enoch,male
clarence,male
akira,mostly_male
frenemy,unknown
njptower,unknown
coy,male
carrie8,unknown
firmannoid,unknown
barrett,male
niagarafaucets,unknown
madlen,female
simge,female
huseyin,unknown
ozge,unknown
matti,male
margaret,female
raimy,unknown
jjangmi,unknown
hangun,unknown
angie,female
hyeyoung,mostly_female
siegfrid,male
yoon,andy
d1co,unknown
fahrireza,unknown
yemin,andy
omyo,unknown
4280,unknown
dowon,unknown
kyungtaek,unknown
jowie,unknown
kaje,unknown
735,unknown
jihoon,male
blanner,unknown
riza,male
no,unknown
kaichi,unknown
suemin,unknown
abu,male
hyungtak,unknown
taufiq,male
koray,male
jxyz,unknown
zberhan,unknown
flavia,female
alvaro,male
inseong,unknown
takechiyo,unknown
jun,mostly_male
mark6,unknown
onepiece,unknown
klaas,male
rodger,male
appie,mostly_male
freek,male
yves,male
mtths,unknown
vitor,unknown
milann,unknown
arrien,unknown
laurens,male
louise,female
jorn,male
menno,male
barnaby,male
darby,andy
carolyne,female
mik,male
pl,unknown
daryllmc,unknown
erica9,unknown
lerna,unknown
inii,unknown
musa,male
asmo,unknown
juri,male
ott,male
theodore,male
karina,female
caryn,female
teymur,male
mirco,male
thomas89,unknown
dj,unknown
ruth,female
romulo,unknown
dessiree,unknown
chamin,unknown
f,unknown
michael087,unknown
chibaffee,unknown
n0bisuke,unknown
goryugo,unknown
y_tani3,unknown
beck,unknown
liliaceae,unknown
sharin,unknown
sahu,unknown
callum,male
kalam,unknown
kieren,male
kat,female
byrne,unknown
brendon,male
tonya,female
carolynn,female
jeramey,unknown
marrina,unknown
conner,male
krista,female
kristi,female
ang,andy
e,unknown
falko,male
riley,mostly_male
benji,male
brant,male
mark33,unknown
kemp,unknown
l,unknown
enia,female
pham,unknown
rita,female
khanh,mostly_female
periklis,male
nikolas,male
dimitris,male
becky,female
terence,male
myles,male
keir,male
marko,male
rajveer,unknown
kayleen,unknown
richard5,unknown
ferrara,unknown
astrid,female
savinien,male
aref,male
uros,unknown
domen,male
davorin,male
lebohang,unknown
gerel,unknown
ferders,unknown
rogier,male
jhon,unknown
cyril,male
eleonora,female
remco,male
suhaila,unknown
misiek,unknown
aldo3,unknown
steve89,unknown
niels,male
gertjan,male
johanneke,female
gd78,unknown
nol,unknown
cody,mostly_male
liang,andy
cassondra,female
meagan,female
antonis,male
arran,male
dimitrios,male
stelios,male
violette,female
christos,male
thodoris,unknown
stavros,male
oriste,unknown
leo,male
erin27,unknown
kasey,mostly_female
lynne,female
8,unknown
sudeep,unknown
yago,unknown
mona,female
jakob,male
jansen,unknown
gene,mostly_male
wilco,male
jessie2,unknown
ingo,male
michal,male
adam95,unknown
cage,unknown
thoma,male
muriel,female
lada,female
cedric,male
julien62,unknown
catherine,female
vj,unknown
youssef,male
moncef,male
jeanna,female
barton,male
nishan,male
jamie5,unknown
radek,male
vojta,unknown
vicki,female
harold,male
bret,male
lexie,female
grtaylor2,unknown
jose602,unknown
jude,mostly_male
si,andy
mikescott8,unknown
vern,male
linus,male
teppo,male
artur,male
charlotte,female
hannah,female
trent,male
grantland,unknown
kees,male
sietse,male
marvin,male
franz,male
han,andy
olchert,unknown
rik,male
vico,male
nikhil,male
jhml,unknown
arjan,male
ingunn,female
yvind,unknown
herdis,female
lael,unknown
steve3,unknown
elle9,unknown
eliza3,unknown
tavis,male
ellie,female
steinar,male
mohsin,male
madison,mostly_female
georgia,female
zev,male
rebecca3,unknown
umut,male
katharina,female
philipp,male
maurice,male
lana,female
marda,unknown
emiliano,male
karri,male
pan,andy
fedele,male
maurizio,male
lara,female
deadmanwriting,unknown
cristiano,male
giusy,female
bubber,unknown
karst,male
lotusphere,unknown
pyrker,unknown
su,andy
jacqui,female
gabriele90,unknown
norman,male
vittorio,male
killeader,unknown
carlo,male
tudor,male
paloma,female
lino,male
eunice,female
robb,male
goran,male
dr,unknown
soren,unknown
lorraine,female
joacim,male
lakshmipathy,unknown
jennifer1,unknown
brian886,unknown
salsa,unknown
hayley,female
hillary,female
ravi,mostly_male
gaytheologian,unknown
rhonda,female
imacdavey,unknown
christof,male
miruna,female
covaliu,unknown
mihai,male
mirona,female
fox,unknown
cw,unknown
tsai,andy
aarlo,unknown
tiffany,female
mariana,female
whole,unknown
olly,mostly_female
pino,male
mac,male
kerri,female
mygreenlake,unknown
gib,unknown
hideaki,male
strasbourg,unknown
johnathan,male
noir,unknown
nasim,male
donn,male
wessel,male
bhavishya,unknown
arry,unknown
catriona,female
karin,female
charis,male
shannan,female
manoj,male
esstaurant,unknown
mike44,unknown
daisy,female
furkan,male
bashar,male
hady,male
soon,andy
firesign3000,unknown
aurora,female
colleen,female
juani,unknown
hernan,unknown
katharine,female
abel,male
christoph,male
iwona,female
susanne,female
electrobabe,unknown
sugarmelon,unknown
hannes,male
schneeengel,unknown
heinz,male
chadd,male
neal,male
handly,unknown
joanna6,unknown
gianfranco,male
orr,unknown
igor,male
liran,male
omer,male
maayan,female
eyal,male
sarit,female
muli,unknown
dam,unknown
tanja,female
gabrie,unknown
fem,unknown
raoul,male
coen,male
raimond,male
derk,male
rauwcc,unknown
gregoire,unknown
uliana,female
ruslan,male
damir,male
svyatoslav,male
slava,mostly_male
samreeze,unknown
752,unknown
yaten,unknown
artem,male
jaroslaw,unknown
lopuszanski,unknown
baptiste9,unknown
rina,female
loris,male
celyne,unknown
mehdi,male
maleek,unknown
haaz,unknown
amandine,female
yohan,unknown
sasha3,unknown
elsa,female
alex67,unknown
seb,male
balb,unknown
nassima,unknown
yohann,unknown
stanislas,male
prad,unknown
lucile,female
albin,male
jeremie,male
emeraude,female
yassine,male
syrine,unknown
emmy,female
mikka,unknown
jourik,unknown
octav,unknown
kyrio,unknown
dennis8,unknown
eb,unknown
simen,male
domreplv,unknown
norm,unknown
freia,unknown
brielle,female
kirsti,female
nigel,male
hayden,mostly_male
amie,female
elyse,female
imran,male
bernard,male
miss_muriel,unknown
didierb,unknown
zoheir,unknown
germain,male
sabrina3,unknown
lionel,male
zorrobiwan,unknown
heath,male
tewfik,unknown
nick91,unknown
virginia,female
natalie,female
sriram,unknown
abbey,female
kristofer,male
vipul,male
dids,unknown
lindsey,mostly_female
rose,female
simona,female
roberts,male
andis,male
edgars,male
aldis,male
rihards,male
maris,female
sergejs,male
krist2ps,unknown
toms,male
gustavs,unknown
austra,female
gundars,male
zoltan,unknown
uldis,male
vilhelms,male
kaspars,male
ansis,male
gisu,unknown
jeffery,male
dongwook,male
heedong,unknown
yong,mostly_male
soo,andy
jeong,andy
stewart,male
zac,unknown
benny,male
jonathan211,unknown
alex4,unknown
royce,male
q,unknown
andee,unknown
christine0,unknown
omarjpeters,unknown
cragg,unknown
lisa4,unknown
rahul,male
allie,mostly_female
nikola,male
julianna,female
movistar,unknown
safeer,unknown
basile,male
matoo,unknown
thibaut,male
renaud,male
gerrie,mostly_female
marcello,male
alessandra,female
pancrazio,male
luca1,unknown
reid,male
hsiu,unknown
brooke,female
alin,male
nikolaj,male
niklas,male
kevlar,unknown
alice30,unknown
parkrat,unknown
jonnie,mostly_female
cooper,male
kristy,female
michigan,unknown
chapin,unknown
bilquar,unknown
fabrice,male
aubin,mostly_male
mark75,unknown
gilles,male
monique4,unknown
petri,male
antti,male
fenriq,unknown
juergen,unknown
habib,male
juliano,male
raquel,female
camila,female
avardza,unknown
marcelo,male
erenia,unknown
marcal,unknown
rosana,female
ronaldo,male
robson,unknown
matheus,unknown
rodrigo,male
aldo,male
guadalupe,female
bruna,female
rubens,male
lebravo,unknown
marcia,female
leonardo,male
edgar,male
catia,female
marina,female
mjcoffeeholick,unknown
duda,unknown
guilherme,male
tarcizio,unknown
thiago,unknown
rhys,male
casa,unknown
franke,mostly_male
nquo,unknown
jj,unknown
mick,male
raz,male
yossi,male
adelino,male
germano,male
madeleine,female
kenny,male
calle,male
barney,male
armando,male
dara,female
nguyen,unknown
roycifer,unknown
elissa,female
amrish,unknown
peacekeeper,unknown
trapper,unknown
dchews,unknown
rocky,male
candice,female
cem,male
joanie,female
abid,male
fabion,unknown
rebiscoito,unknown
homembemfeito,unknown
andersson,unknown
trotta,unknown
geison,unknown
hiro,mostly_female
luiz,unknown
octavio,male
angelo,male
manoel,male
vinicius,male
bia,unknown
henrique,male
cheng,andy
zomng,unknown
wafiq,unknown
unclebotak,unknown
acapawn7,unknown
morotomihead,unknown
butakao,unknown
komata,unknown
masahiro,male
yumesalo,unknown
kensuke,male
nsyan,unknown
yamkei,unknown
ikubon,unknown
saskia1,unknown
bram,male
arvid,male
maxi,mostly_female
esteban,male
fernando2,unknown
nelly,female
michel59,unknown
alper,male
skid,unknown
karissa,female
amsterdamize,unknown
mbetty,unknown
leonhard,male
dominik3,unknown
vinnie,male
bo,male
enno,male
jrma,unknown
uwe,male
jerry8,unknown
frank4,unknown
restless,unknown
szymon,male
pawe,unknown
borys,male
arkadiusz,male
maciej,male
tom6,unknown
piotrek,unknown
bartosz,male
tomasz,male
mariusz,male
kvetak,unknown
christyn,unknown
bacon,unknown
nickd,unknown
bas73,unknown
ju,andy
artie,mostly_male
mietrecht4u,unknown
maha,female
bfma,unknown
josefina,female
delilah,female
florent,male
kelle,unknown
kaylynn,female
anuj,unknown
matt60,unknown
maree,unknown
wally,mostly_male
alana,female
melbpubcrawl,unknown
yanai,unknown
k3,unknown
ceri,andy
lluke,unknown
kage,unknown
walt,male
naiel,unknown
andres,male
edwige,female
aline,female
donatas,male
jerrald,unknown
glyn,mostly_female
fumon,unknown
loren,mostly_male
ishmael,unknown
bradford,male
hannu,male
guime,unknown
jane,female
iftach,male
ramzi,male
barbara78,unknown
anchie,unknown
shamod,unknown
alfie,unknown
default,unknown
kanyi,unknown
brock,male
sugar,unknown
photis,unknown
kuuj,unknown
marisol,female
kalley,unknown
andriana,female
dartagnan,unknown
stacie,mostly_female
hungry,unknown
zakk,unknown
mainor,unknown
tami,female
steph,female
s,unknown
charissa,female
kala,female
manabu,male
jr47,unknown
jarae,unknown
k9radiotiki,unknown
jodi,female
scot,male
nilo5,unknown
wyatt,male
mia,female
azlan,unknown
simone,female
miriam,female
jbz,unknown
fitz,unknown
fredrik,male
fakery99,unknown
lisamarie,female
pramudita,unknown
kate22,unknown
wellington,unknown
lidia,female
roxane,female
halwise,unknown
tamara,female
roger,male
zoheb,unknown
ajua,unknown
gian,male
derek3,unknown
dekadaye,unknown
kami,mostly_female
senator,unknown
cary,mostly_male
esp,unknown
koji,male
lenise,unknown
charley,male
laurie,female
garrio,unknown
ciprian,male
gentry,unknown
jillian,female
kelli,female
shuttlesystems,unknown
k,unknown
masta,unknown
erwin,male
rexter,unknown
nestor,male
emoai,unknown
fidel,male
renee,female
muffin,unknown
denny,male
ap,male
haley4,unknown
constantine,mostly_male
ching,andy
rhoda,female
kelvin,male
greta,female
suzy,female
francoise,unknown
mayhemone,unknown
tori9,unknown
mitchell,male
masayuki,male
tim9,unknown
ashley67,unknown
benjamen,unknown
olle,male
yvonne,female
gena,female
jessie,female
agatha,female
christie,mostly_female
littlebluedog,unknown
jl,unknown
dietrich,male
sheila,female
selena,female
eddie,male
toni,male
ronildo,unknown
tylersten,unknown
kceejp,unknown
cid,unknown
kwame,unknown
denis,male
uskeda3mm,unknown
dideo,unknown
navtej,male
carissa,female
kells,unknown
arielle,female
johanna,female
bryant,male
charl,andy
kchu,unknown
ira,female
elvin,male
chan,mostly_male
atknktn,unknown
desmond,male
quinny,unknown
g,unknown
wabisabi,unknown
marcela,female
michelle7,unknown
yumanissa,unknown
jenai,unknown
raymund,male
prasatria,unknown
kellen,male
jh,unknown
gabrielle,female
zoomy,unknown
amanda91,unknown
dave750,unknown
marcy,female
huard,unknown
truck,unknown
minh,mostly_female
jerseybred323,unknown
daryl,mostly_male
sofia,female
ned,male
krissy,female
hianhwee,unknown
mckenzie,female
p3,unknown
cheri,female
anthony0,unknown
krystina,female
mae,female
shauna,female
cristina7,unknown
cathy,female
pam,female
abby9,unknown
lief,unknown
tatyana,female
kaleb,male
a,unknown
lasse,male
me,andy
annie4,unknown
oscar5,unknown
jeanmarc,unknown
bagus,unknown
narni,unknown
jensen,unknown
jacqueline,female
ak3,unknown
tunga,unknown
ankry,unknown
timo,male
natanielle,unknown
zeke,male
ashlei,unknown
ronan,male
susy,female
brian35,unknown
merribeth,unknown
gabby,unknown
meika,unknown
craigss,unknown
blanca,female
dedrick,male
joanna2,unknown
fabhian,unknown
skip,male
chaffro,unknown
roxanne,female
clark,male
sant,unknown
mr,unknown
ashwin,unknown
mark11,unknown
hank,male
anthony33,unknown
jf,unknown
charny,unknown
arkady,male
natalie3,unknown
lindsay7,unknown
liza,female
sidney,mostly_male
shelly,female
meg3,unknown
andry,unknown
geffrey,unknown
zeynep,female
ayberk,male
vic,mostly_male
ericorbit,unknown
veena,female
d,unknown
loisaida,unknown
yuan,andy
yanting,andy
claude,mostly_male
ragbrai,unknown
otakahashi_cojp,unknown
brandi,female
tiwy,unknown
dame,unknown
jona,female
helena,female
schmogel,unknown
lesley,andy
francis,male
sharelle5,unknown
rosemary,female
icy,unknown
wutzit,unknown
joaquin,unknown
janna,female
magen,female
quiana,female
tito,male
rich35,unknown
sai,andy
whuddafugger,unknown
murilo,unknown
haradawins,unknown
graciepgh,unknown
gab,andy
ola,male
dhawal,unknown
shereese,unknown
tre,male
patranila,unknown
velan,unknown
beckie,female
adar,male
tamar,female
anshuman,unknown
julzy,unknown
hadar,unknown
alon,male
jt,unknown
hilgo,unknown
stef,male
arjan1,unknown
lander,male
hadi,male
thea,female
becca,female
van,mostly_male
eye,unknown
sunny,male
derric,unknown
piper,female
milissa,unknown
sheri,female
stephen52,unknown
hawk,unknown
harrison,male
parastou,unknown
mattan,unknown
bach,mostly_male
kay,male
joe59,unknown
joby,unknown
cortney,mostly_female
enda,male
jilles,male
corinna,female
ls,unknown
distri,unknown
ef,unknown
sasha,mostly_male
laura97,unknown
sumith,unknown
jesus,mostly_male
dishan,unknown
goldenboy,unknown
aj7,unknown
matt21,unknown
swamp,unknown
emma3,unknown
camilla,female
aj3,unknown
ayman,male
ginnette,unknown
milkdxb,unknown
hamish,male
grant1,unknown
aylin,female
arleigh,female
samantha,female
daniele,female
yasemin,female
pauline7,unknown
gacha911,unknown
theda,female
shalyn,unknown
heidi7,unknown
alina,female
brenda7,unknown
alhan,unknown
warwick,male
helmblogger,unknown
adrianna,female
ridzuan,unknown
thaniya,unknown
rion,unknown
theodora,female
tc,unknown
rachit,unknown
noel,male
dafna,female
eakchai,unknown
mlego,unknown
j,unknown
witz,unknown
frances,female
murray,male
louisa,female
bong,andy
urgo,unknown
julien6,unknown
foughtthebattle,unknown
orkun,male
museum,unknown
lisa0,unknown
bethany,female
didy,female
bhanu,unknown
khoa,andy
rajesh,male
jo5,unknown
jlm,unknown
jarid,unknown
nadia56,unknown
gleni,unknown
hanna,female
lauryn,female
beamer,unknown
aron,male
gcellz,unknown
rotem,female
cassie,female
sj,unknown
cade,male
jyrki,male
saurabh,unknown
ritik,unknown
brandt,unknown
donny,mostly_male
giselle,female
karen6,unknown
tollef,unknown
beep,unknown
coral,female
prajwal,unknown
tor,male
rupa,female
margie,female
rye,andy
jaesun,andy
criz,unknown
akash,male
jareau,unknown
britt,female
mitchel,male
david6,unknown
shea,andy
dmytro,male
yu,andy
daniela,female
roadify,unknown
omachonu,unknown
kam,male
zwilling,unknown
geraint,male
carole,female
edd,male
rhod,unknown
aishwarya,unknown
dima,female
kersti,female
casey1,unknown
elmer,male
caron,female
valter,male
tobie,female
jarmo,male
khizar,unknown
dolphi,unknown
radovan,male
theo,male
david1,unknown
christopher62,unknown
adithya,unknown
yuliarta,unknown
reynaldi,unknown
amo,unknown
fiona,female
jithin,unknown
salim,male
jana,female
xy,unknown
phuong,mostly_female
cameron1,unknown
stoyan,male
rommel,unknown
alden,male
jefferson,male
griffin,male
jacquelyn,female
juuso,male
gavin9,unknown
cuauthemoc,unknown
daissy,unknown
noam,mostly_male
1od,unknown
ilteris,unknown
melis,female
banse,unknown
demeter,male
dominik,male
ric,unknown
ani,female
rodolfo,male
ezequiel,male
mariano,male
teto,unknown
guiye,unknown
ramiro,male
vitinhoww,unknown
juanfra,unknown
orly,female
familia,unknown
drlekter,unknown
joan,female
michell,female
leopoldo,male
fede,female
sumit,male
age,male
koert,male
donggi,unknown
jadie,unknown
corrine,female
jamela,unknown
ezra,male
ritwik,unknown
anita,female
kilian,male
inge,female
ianus,unknown
nooka,unknown
jasper,male
rudyn,unknown
jaehoon,male
mrblues,unknown
zamini,unknown
minsu,male
keynas,unknown
kwan,andy
hyunwoo,male
movie,unknown
maximilian,male
abra,unknown
grahame,male
destemperados,unknown
in,andy
pinksy,unknown
june,female
yeong,andy
13,unknown
jy,unknown
sungsoo,male
9,unknown
boming,unknown
hongje,unknown
ramyon2,unknown
golee,unknown
bon,andy
h5k1,unknown
nikki5,unknown
kyung,mostly_female
joowon,unknown
sung,andy
yuina,unknown
junho,male
hyuna,unknown
leeclo,unknown
sangjun,unknown
juik,unknown
jhoon,unknown
renzo,male
lilo,female
lloyd,male
kaitlin,female
joelle,female
clint,male
macy,female
thas,unknown
gints,male
lyndsi,unknown
inderjit,mostly_male
nazer,unknown
maatzel,unknown
liana,female
sagi,male
russ4,unknown
lynette,female
aisea,unknown
elliot,male
rovoi,unknown
alois,male
fran,female
anas,male
rizwan,male
benedicte,female
stephane2,unknown
meven,unknown
cyprien,male
wandrille,male
michael40,unknown
charline,female
aymeric,male
danieldt,unknown
nicolas7,unknown
dong,andy
marjorie,female
mathew,male
guillermo,male
ibowoman,unknown
thorben,male
jurrian,male
brandy,mostly_female
das,unknown
iriggs,unknown
rolando,male
masha,female
mdavid,unknown
shirly,unknown
yuval,male
moshe,male
avihu,unknown
johnie,mostly_male
emanuel,male
hampus,male
beatrice,female
par,unknown
torbjorn,unknown
simto,unknown
aytek,unknown
kursad,unknown
yigit,unknown
heni,unknown
ozan,male
olcayto,unknown
emre8,unknown
berivan,female
yasin,male
emircan,male
ulrika,female
kalle,male
asa,male
asbjrn,unknown
elnif,unknown
lenny,male
birkan,male
sevcan,female
sera,unknown
viktor,male
mehmet,male
osman,male
kalina,female
miten,unknown
oytun,male
murat,male
yekta,mostly_male
basar,unknown
kemal,male
duygu,mostly_female
sercan,male
ceren,female
sets,unknown
cengiz,male
oguz,unknown
alican,male
ayse,unknown
yunus,male
firat,unknown
atesadam,unknown
can,andy
bora,male
sani,unknown
lego,unknown
cemre,female
umit,unknown
liona,unknown
vance,male
leigh0,unknown
may,female
roem,unknown
hartman,male
adela,female
jarda,unknown
rosta,unknown
olda,female
david41,unknown
jessy,mostly_male
hamilton,male
sarahhass,unknown
kuki,unknown
irfan,male
reihan,unknown
cal,male
nowell,unknown
pinky,unknown
shaun4,unknown
ouroboros,unknown
ankur,unknown
es,unknown
cassandra7,unknown
shankar,male
lonnie,mostly_male
haloise,unknown
katalina,female
lucy,female
buffy,female
alda,female
nathen,male
athmika,unknown
ethernight,unknown
ansley,female
jarad,unknown
gaurav,unknown
lachy,unknown
wheres,unknown
kari,female
alexia,female
caio,male
fabiana,female
felisberto,male
hana,female
chad4,unknown
amanda9,unknown
625,unknown
ami,female
abby,female
surf,unknown
brody,male
kienan,unknown
rehman,unknown
franciscodisco,unknown
naveed,male
bill90,unknown
frode,male
nes,unknown
thuan,andy
ying,andy
nadine,female
cas,male
linda9,unknown
layla,female
jes,male
gardenia,unknown
gino,male
ell,unknown
yogachicky,unknown
clare0,unknown
kenan,male
shamim,male
nadezhda,female
polina,female
ekaterina,female
trisha,female
mystique,unknown
kee,andy
30,unknown
fariba,female
gloria,female
miikka,male
airam,unknown
bl,unknown
wrisley,unknown
r,unknown
kendrick,male
tim74,unknown
chris77,unknown
verious,unknown
nahir,unknown
ongie,unknown
webster,male
quoc,mostly_male
kenneth35,unknown
sal,male
barron,male
kelsi0,unknown
cullen,male
jur,male
ferg,unknown
stefhen,unknown
jassim,male
suraj,male
staci,mostly_female
israel,male
next,unknown
yuancheng,andy
liena,female
bartel,male
evil,unknown
jory,male
lester,male
shelia,female
warner,male
amira02,unknown
ena,female
hutson,unknown
garey,unknown
miles,male
juliet,female
srikanth,unknown
kevin41,unknown
brigitta,female
aiden,male
evgenia,female
char,unknown
charity,female
kurtiss,unknown
angelique6,unknown
juli,male
takahisa,male
lis,female
manny,female
pedrodelpriore,unknown
tomu,unknown
loretta,female
rithesh,unknown
paulie,male
shweyta,unknown
kunal,unknown
lani,unknown
fern,female
alia,female
kegan,male
wilson,male
vala,female
haukur,male
geir,male
orarinn,unknown
austinpixels,unknown
honey,female
jeyakumaran,male
radu,male
gary0,unknown
amelie,female
jayna,unknown
davi,unknown
antino,male
felicia,female
jameel,male
brian07,unknown
danwen,unknown
houseboat,unknown
gang,andy
stephen44,unknown
matt8,unknown
levent,male
sren,unknown
dvem,unknown
jiunn,unknown
siddhi,unknown
abeer,female
saleh,male
shib,unknown
teddy0,unknown
fourpster,unknown
joost,male
burgerdogboy,unknown
satocmosnter,unknown
taichiro,unknown
kyocorin,unknown
kaerugeko,unknown
takaflight,unknown
neill,male
nob,unknown
occhie3,unknown
keita,male
katsuyuki,male
uzu,unknown
dunzhi,unknown
cao,mostly_male
kadoppe,unknown
motoaki,male
asachin_1008,unknown
shimizu_saketen,unknown
kazunari,male
whopper,unknown
shinsuke,male
junkd,unknown
jonny,male
gilles7,unknown
chunlum,unknown
karyn,female
seijen,unknown
kramer,unknown
x,unknown
troolya,unknown
stepa,unknown
korobkov,unknown
yaroslav,male
farez,unknown
laszlo,unknown
movies,unknown
ciaran,male
jorg,male
danilo,male
liss,female
fernanda,female
estevao,unknown
greco,unknown
graveheart,unknown
chibi,unknown
marceloooo,unknown
nathalia,female
ivo,male
dine,female
tharso,unknown
evandro,male
celso,male
safilo,unknown
giovane,unknown
mytho,unknown
luci,female
lari,male
clarice,female
ernando,unknown
renner,unknown
renata,female
jeferson,unknown
gabriela,female
brunno,unknown
junior,unknown
thadeu,unknown
adriane,female
mauricio,male
bethan,female
corentin,male
mobbie,unknown
stunned,unknown
birinbeo,unknown
salik,unknown
torey,mostly_male
cool,unknown
cova,unknown
jason43,unknown
guav,unknown
smivey,unknown
saxon,unknown
elijah,male
bre,unknown
leejay,unknown
tyson,male
titus,male
travis3,unknown
lory,female
yawen,andy
shona,female
pickle,unknown
niall,male
mindy,female
wassaf,unknown
noma,unknown
jonathan03,unknown
karla,female
derek73,unknown
rob064,unknown
juho,male
pekka,male
paavo,male
rock,male
chantal,female
chanse,unknown
superpascalou,unknown
sylvain,male
jinal,unknown
napoleon,male
harsha,unknown
yunilda,unknown
kedar,unknown
zoli,male
vinh,mostly_male
alaa,mostly_male
indrit,male
clyde,male
vanguardbot,unknown
n0nick,unknown
foster,male
sylvan,unknown
deny,unknown
meaniiz,unknown
zooso,unknown
seon,andy
paulina,female
vadim,male
inque,unknown
mio,female
karma,male
marteijn,unknown
heleen,mostly_female
thomas9,unknown
adnan,male
armone,unknown
tracey,mostly_female
oneteam,unknown
husam,male
katz,unknown
ariil,unknown
josean,unknown
oswaldo,male
beatriz,female
leticia,female
enrique,male
gert,male
kavarua,unknown
so,andy
seloti,unknown
ronie,unknown
risada,unknown
teru,mostly_female
nawat,unknown
adithep,unknown
nutty,unknown
over,unknown
jomm,unknown
supachai,unknown
boomz,unknown
mimee,unknown
chirawat,unknown
vasin,unknown
patcharee,unknown
poramate,unknown
keffer,unknown
haylee,female
adrien,male
yoshiyuki,male
secteursud,unknown
baby,unknown
motok,unknown
jun200,unknown
jin,female
kyotodaisukki,unknown
hisakazu,male
alexey,male
anatoly,male
yulia,female
alexandr,male
ilya,male
golf,unknown
mimd,unknown
boss,unknown
tanat,unknown
tui,unknown
pa_tok,unknown
borahm,unknown
lieke,female
taroh,unknown
yocifico,unknown
morigator,unknown
masafumi,male
baggio77,unknown
poooooon,unknown
xristoph_neo,unknown
coma2619,unknown
zicox,unknown
soukun86,unknown
qutary,unknown
eiji,male
small,unknown
kanwa,unknown
takahiro,male
liberty,female
john1,unknown
mikki,unknown
haruyurada,unknown
hiroyuki,male
kane,male
rebekka,female
bodog,unknown
hiroshi,male
kazuhiro,male
matsukaz,unknown
spencer8,unknown
glauco,male
priscila,female
456,unknown
celsius,unknown
mitsugogo,unknown
chihaya,unknown
36_104k2,unknown
tomifla,unknown
dxcsn,unknown
takao,male
yusuke,male
keitaro,unknown
niwawan,unknown
nishizawako,unknown
kate30,unknown
zinbythesea,unknown
miya,female
pinkpeco,unknown
aryeh,male
sashimi,unknown
kevan,male
elodie,female
jannis,male
lala,female
lemu,unknown
john6,unknown
cocinillas,unknown
juanma,unknown
robyn,female
k_m_b,unknown
happy,unknown
tuukka,male
ossi,male
mikko,male
tomi,male
tuuli,female
thomas0,unknown
rachelle,female
misha,male
bonnie,mostly_female
mercedes,female
razlan,unknown
skankined,unknown
kiheon,unknown
yongho,male
amar,male
enricoeric,unknown
krisztian,unknown
dwayne,male
ottavio,male
mircoemme,unknown
klim,unknown
46,unknown
vitaly,male
adonis,male
christine02,unknown
parker,mostly_male
iker,male
icaro,male
laia,female
jordi,male
osvaldo,male
kuswanto,unknown
kukuh,unknown
yosuke,male
kyoh,unknown
takumn,unknown
nobuo,male
masato,male
youhei,unknown
akifusa,unknown
yamy,unknown
dan95,unknown
pav,unknown
fazz0611,unknown
890,unknown
mucky,unknown
337,unknown
andre26,unknown
dieliebich,unknown
ulf,male
lindley,male
monika,female
forgacs,unknown
akos,unknown
bela,female
barna,male
coldsleeper,unknown
ogug,unknown
kreebay,unknown
ponddekd,unknown
romchap,unknown
adam29,unknown
gorekun,unknown
andoni,male
victoriano,male
elia,female
eilly,unknown
toshiyuki,male
masanao,male
k2style,unknown
afaview,unknown
glorybox510,unknown
takuya,male
tetsunosuke,unknown
cha2maru,unknown
qiring,unknown
akamatsu,unknown
taca69,unknown
yasuhiro,male
marian,male
theflipperking,unknown
psynenboy,unknown
milkmeta,unknown
nipon,unknown
harushige,unknown
null,unknown
keiko,female
tetsuya,male
aki,female
cokejapan,unknown
horacio,male
ferjork,unknown
dan56,unknown
brandactivist,unknown
mayu,female
panda,unknown
hiyoko72,unknown
jongin,andy
87,unknown
caesium133,unknown
takino473,unknown
noja,unknown
galaxie718,unknown
53,unknown
mossy_13,unknown
tsubasa,mostly_male
with_o_wisp,unknown
ning_j,unknown
hillby331,unknown
cocotte,unknown
miyako,female
unityan,unknown
shio,unknown
k000001,unknown
tokikaze_n,unknown
hironao,unknown
l12p,unknown
zatsumu,unknown
750277,unknown
idios,unknown
yamatema,unknown
anastasia,female
volga,unknown
natalka,unknown
mnial,unknown
3,unknown
oleg,male
den,unknown
genuine_tatsu,unknown
noviiro,unknown
hasu,unknown
sugutti,unknown
826,unknown
jere,male
andreea,female
ike,andy
sah,unknown
haikal,unknown
arsho,unknown
salomon,male
mharrie,unknown
joop,mostly_male
wijnand,male
feraz,unknown
ayo,male
manchita,unknown
brice,male
gaetan,male
welovegeoloc,unknown
geoffroi,unknown
evelyn,female
alphonse,male
khosrow,male
lalalalinder,unknown
bathyscaphe,unknown
marjon,female
dre,male
ren,andy
studio,unknown
chinmay,unknown
berenger,unknown
barnabas,male
jb,unknown
raffaele,male
blaster,unknown
jaruhd,unknown
triple5adam,unknown
krish,unknown
anoop,unknown
govind,male
raghu,unknown
sanat,unknown
mukesh,male
nishanth,unknown
gautam,male
niclas,male
sakis,unknown
constantinos,unknown
mark01,unknown
kimchi,unknown
fabiano,male
xerxes,unknown
bec,unknown
sinead,unknown
andy72,unknown
zakwannur,unknown
barbaros,male
alihan,male
ylmaz,unknown
luane,unknown
shirley,female
damage,unknown
gil,male
valle,female
fraska,unknown
michele80,unknown
giacomo,male
fairyvisions,unknown
mattia,male
giovanni,male
clarissa,female
lucio,male
marilena,female
robi,male
rosario,male
pietro,male
andreaakamelamerito,unknown
edmondo,male
umberto,male
antonello,male
gjacob,unknown
juliana,female
mellina,unknown
madsen,unknown
joice,female
caue,unknown
debora,female
peele,unknown
mateus,male
tiffini,unknown
gonzalo,male
preston,male
lou,mostly_male
alexx,unknown
rapha,unknown
andrefir,unknown
rafa,female
fefo,unknown
xarrupet,unknown
nevka,unknown
rafamerida,unknown
sascha,mostly_male
uschi,female
thorsten,male
beatebeate,unknown
stoney,male
rochorbeancurd,unknown
iriny,unknown
joyce,female
natalia,female
lu,andy
darja,female
palbi,unknown
julia5,unknown
gael,male
theoldpossum,unknown
Mar-65,unknown
essens,unknown
valentin,male
dusan,unknown
henning,male
ratko,male
suomia,unknown
pierreee,unknown
dirk815,unknown
ronny,male
nemo,unknown
marcus59,unknown
garret,male
ulalala,unknown
st,unknown
gregor,male
nerd,unknown
benedikt,male
thomas62,unknown
margit,female
santi,male
alex3,unknown
loop99,unknown
yusuke36,unknown
amarie,unknown
shortdwarfcom,unknown
grey,unknown
trung,mostly_male
elson,unknown
gun,female
marquay,unknown
kare,unknown
torben,male
dodoir,unknown
elvira,female
wences,unknown
kaisersoze,unknown
miquel,male
nerea,female
pau,male
max5,unknown
ghislain,male
clive,male
choka,unknown
constanza,female
ale,male
actiondatsun,unknown
mapapo,unknown
yerko,unknown
cristobal,unknown
tee,unknown
amin,male
ionut,male
mj,unknown
barbara5,unknown
cancerina,unknown
artha,unknown
amran,unknown
majer,unknown
bobi,male
punee,unknown
sune,male
kleeff,unknown
shige,unknown
tomi0311,unknown
adventist,unknown
monty,male
khaidir,unknown
dino,male
allyson,female
faron,male
kakinokizaka,unknown
haru,unknown
masa,unknown
stk2,unknown
shungo,unknown
nicole30,unknown
hal_j,unknown
do9,unknown
aendu,unknown
chelsea6,unknown
khris,unknown
iffat,female
robinson,unknown
majkl,unknown
vladan,male
rastislav,male
skyecz,unknown
quinix,unknown
jarmil,male
parohac4,unknown
karel,male
rezi,unknown
sunicko,unknown
skipp,unknown
ondra,unknown
marmar,unknown
adam373,unknown
branislav,male
moises,male
katey,female
tom65,unknown
crosby,unknown
karem,male
alex1984,unknown
felix6,unknown
haterdan,unknown
rabah,unknown
jocose,unknown
razorfish,unknown
dida,female
leandro,male
ulizamboni,unknown
vairon,unknown
lenard,male
Mar-04,unknown
anand,male
jay7,unknown
jeff9,unknown
gabi,female
jorrie,unknown
denzil,male
kwee,unknown
seema,female
dede,male
hely,female
sabugao,unknown
kellyanne,unknown
tanner,male
helen,female
lambert,male
folke,male
davy,male
allie6,unknown
51,unknown
frfr,unknown
japheth,unknown
rachel3,unknown
anouk,female
brik,unknown
bongers,unknown
toon,male
teun,mostly_male
izzam,unknown
caitlin,female
shuttlemvp,unknown
foo,unknown
phyrostar,unknown
spacegazer,unknown
te2ma,unknown
kaya,female
k_sukigara,unknown
shawna,female
rommie,female
abby4,unknown
kaitlynn,female
wal,unknown
kelliston,unknown
nivin,unknown
kuma,unknown
0046aki,unknown
syochin,unknown
naho,female
nantan,unknown
takio55,unknown
schwarz,unknown
petter,male
geneva,female
shayreavel,unknown
navneet,unknown
babak,male
pieter,male
kirwillem,unknown
pascal6,unknown
ingmar,male
herman,male
stimorolthy,unknown
joeri,male
bin,andy
max9,unknown
oz,male
jemma,female
vysia,unknown
fraser,male
ramya,unknown
randi,female
imanzah,unknown
jawa,unknown
edo,male
luna,female
khilbran,unknown
sayed,male
zulfan,unknown
gilang,unknown
fathiya,unknown
gayoetm,unknown
epat,unknown
makosy,unknown
jour13,unknown
sft,unknown
downlow,unknown
stilo,unknown
setsuna,unknown
masako,female
woody,male
carlson,unknown
wede,unknown
jay9,unknown
helene,female
ferdinand,male
olga,female
efrain,male
gulay,unknown
balint,unknown
rozmy,unknown
csaba,male
gergely,male
istvan,unknown
botond,male
pitti,unknown
imre,male
fabok,unknown
karoly,unknown
szabolcs,male
buksa,unknown
agnes,female
vicky,female
bridgette,female
nadim,male
wassim,male
ramtops,unknown
winitri,unknown
quentin,male
lisan,female
fariz,male
devon,mostly_male
valery,male
hezi,male
reut,female
achi,unknown
amit,male
anat,female
yarden,unknown
graham8,unknown
sylvia,female
reyane,unknown
mario8,unknown
yuichi1123,unknown
60,unknown
rio37,unknown
maru,unknown
916,unknown
ashiken,unknown
je,andy
plastikstuhl,unknown
zandra,unknown
bogdan,male
chamara,unknown
shaishav,unknown
harini,unknown
gautier,male
malisz,unknown
liliavi,unknown
ayache,unknown
meoneogeo,unknown
jarle,male
sahajesh,unknown
randomnumbers,unknown
dennytm,unknown
yola,unknown
woosung,unknown
gerd,male
cokelabra,unknown
spooks,unknown
don_checho,unknown
patricio,male
camilo,male
jorge0,unknown
gonzaloplaza,unknown
mickd,unknown
kan,andy
dago,unknown
wilman,unknown
gareth3,unknown
joff,unknown
sergej,male
kalmer,male
indrek,male
paulette,female
thejmax,unknown
yourgeekfriend,unknown
moeckel,unknown
fan,andy
timpnoble,unknown
dominique,andy
luk,mostly_male
jw,unknown
youngbok,male
jiyeon,female
jinsik,unknown
tehyun,unknown
hotaek,unknown
minjung,female
jinsuk,unknown
marthijn,male
stefanie,female
sytse,male
nanda9,unknown
chris81,unknown
ine,female
daan,male
stig,male
pippa,female
miro,male
aylene,unknown
leonard,male
lan,andy
ama,unknown
edu,unknown
nadav,male
sheryl4,unknown
joram,male
riemer,unknown
mattias,male
thilde,female
quy,mostly_male
ender,male
gretchen,female
tutes,unknown
samo,male
grega,male
aljaz,unknown
borut,male
serfx,unknown
claudeland,unknown
solfinn,unknown
s2,unknown
nafiesa,unknown
merlijn,mostly_male
hilbrand,male
jordy,male
joris,male
gerke,mostly_male
arjaan,unknown
kekness,unknown
ester,female
alfons,male
beate,female
faye,female
reg,male
cels,unknown
ilari,male
eshin,unknown
myk,unknown
kankan,unknown
tinax101,unknown
trixie,female
__nicolasr__,unknown
lolula,unknown
ronni,mostly_male
sita,female
camilla1,unknown
sofie,female
flemming,male
luka,male
matej,male
primoz,unknown
jaka,male
klemen,male
anze,unknown
ula,female
kaitlin9,unknown
gautham,unknown
speedstar99,unknown
tactac,unknown
yashraj,unknown
yohei,male
vhodnk,unknown
shortbus,unknown
tod,male
heimo,male
atilla,male
uraz,male
samet,male
eda,female
ivy38,unknown
manda,female
soyoung,female
deirdre,female
seokjoong,unknown
dongwon,unknown
hmco,unknown
natsuki_koh,unknown
tobi,male
prontica,unknown
some,unknown
harwin,unknown
mememe,unknown
yudai,male
kengo,male
ryozo0,unknown
yuya,female
iboncool,unknown
jong,andy
547,unknown
marcel8,unknown
jochem,male
liat,female
hein,male
remas,unknown
stoffelrat,unknown
marijke,female
dimphy,female
herbert,male
jos,male
maartje,female
rachid,male
marloes,female
controlflow,unknown
tigran,male
nishad,unknown
peterf,unknown
saija,female
joonas,male
rait,male
zara,female
melinda,female
atha,unknown
suddie,unknown
jensfans,unknown
vickie,female
mariate,unknown
girish,unknown
hiro4,unknown
shino,mostly_female
yoshihiro,male
pes,unknown
tetsu_kw,unknown
akihiro,male
mono_log,unknown
6,unknown
mayo1950,unknown
takeponchi,unknown
nobtan,unknown
kouichi,male
ryukn,unknown
kiyochan,unknown
saiut,unknown
strada501,unknown
sachit,unknown
edna,female
wasin,unknown
daus,unknown
reza,mostly_male
kien,mostly_male
thuy,mostly_female
zenius,male
ilias,male
giannis,male
kieran,male
davina,female
borns,unknown
marijo,male
michelle25,unknown
rochelle,female
jenty,unknown
iwan,male
neville,male
luisa,female
stanley,male
kalliebree,unknown
airton,unknown
erfan,male
daf,unknown
ilina,female
maiko,female
ayver,unknown
vi,unknown
carson,mostly_male
niek,male
schmkr,unknown
judith,female
aeg,unknown
cos,male
baglietto,unknown
saenz,unknown
naren,unknown
bluey,unknown
martine,female
carmillablue,unknown
jb6,unknown
brenda,female
tino,male
thomasin,unknown
onhollieday,unknown
lise,female
chee,andy
radim,male
zoe,female
claudine,female
juska,unknown
frans,male
milena,female
dafyd,unknown
vaughan,mostly_male
la,unknown
nat,male
dene,unknown
cornelia,female
gabry,unknown
tinus,male
jaki,andy
prinzenbegleitung,unknown
spartacus,unknown
marianne,female
freyja,female
sabrina,female
maruan,male
nacho,male
paco,male
el,mostly_female
massimiliano,male
bernardo,male
gio,unknown
nadja,female
brianog,unknown
luentien,unknown
oliver3,unknown
moehome,unknown
at,unknown
ally,female
alena,female
shamit,unknown
slocum67,unknown
remus,male
gereon,male
djeiran,unknown
amardeep,unknown
prasanth,unknown
patrix,unknown
bhargava,unknown
dejan,male
moe,female
isabel,female
jeremy2,unknown
stevetm,unknown
serge,male
iluvfud,unknown
sankalp,unknown
v,unknown
sam6,unknown
melina,female
romel,male
hassan,male
kasia,andy
sumeera,unknown
tapio,male
siracus,unknown
sonja,female
georg,male
blanda,unknown
lancaster,unknown
alixrose,unknown
phil9,unknown
isabelle,female
eitan,male
tsiki,unknown
shai,male
annabelle,female
irad,unknown
arnon,male
emmanuelle,female
jori,male
344,unknown
kilex,unknown
lisabet,unknown
asya,female
vera,female
kak_obychno,unknown
vladimir,male
maxim,male
lxsir,unknown
andrey,male
ksenia,female
750,unknown
juliy,unknown
zoreslav,unknown
khrystyna,female
juklien,unknown
o,unknown
margot,female
franzous,unknown
catharina,female
jem,unknown
bea,female
dawne,unknown
orta,unknown
tigrevert,unknown
a_evrard,unknown
anish,unknown
peteris,unknown
piegades,unknown
zen_chai,unknown
nalm,unknown
kei,mostly_female
won,mostly_male
kyujin,unknown
fadi,male
raphael7,unknown
sheri8,unknown
abbie,female
drea,unknown
winny,female
seisdeagosto,unknown
wantan,unknown
marta,female
mylene,unknown
junhao,andy
marques,male
josemando,unknown
snae,unknown
suzi,female
panu,male
jannette,female
giovana,unknown
zirpoli,unknown
reymundo,unknown
ornella,female
maxx,unknown
candido,male
dudu,female
marcelio,unknown
fausto,male
richl1,unknown
bryson,male
deanna,female
jeff750,unknown
simon2,unknown
jazmin,female
brenton,male
luke9,unknown
lisa64,unknown
sarcasm,unknown
sateen,unknown
mixolidia,unknown
philipe,unknown
kishore,unknown
yordan,male
mahiraoliveira,unknown
topolski,unknown
helo,unknown
edson,male
marleide,unknown
svetlana,female
guimel,unknown
elisa,female
dolf,male
kin,andy
adlan,unknown
jerangkong,unknown
klsogo,unknown
moritag,unknown
muhou,unknown
haguredori,unknown
masao,male
29,unknown
toshiya,male
keiichi,male
mr_tanshin,unknown
tomohiro,male
tetsunori,unknown
okawarichoudai,unknown
ete,unknown
sigure,unknown
choose,unknown
takeyas,unknown
tomas8,unknown
gabri,unknown
niwla,unknown
dhananjay,unknown
mathijs,male
maurits,male
vernon,male
cyberfux,unknown
tracy8,unknown
55,unknown
ivaylo,male
borislav,male
1,unknown
eric02,unknown
rishabh,unknown
purple,unknown
hadrien,male
melvin,male
harley,mostly_male
vijay,mostly_male
kian,male
robert5,unknown
saori,female
danielle2,unknown
dawnesaurus,unknown
eetu,male
sade,female
pierrick,male
carly,female
kha,mostly_male
marcellus,male
davis,male
jarrard,unknown
idris,male
kristan,female
insanitiki,unknown
alaina,female
jarrod,male
ruben8,unknown
suthathorn,unknown
mctoshi,unknown
lord_nara,unknown
jerimee,unknown
alexis5,unknown
nicole844,unknown
kent,male
hisham,male
femi,male
rousi,unknown
maka,female
kaitlyn,female
masatakam,unknown
akifumi,male
kaoru,mostly_female
francine,female
kyungmin,male
callie,female
fabiola,female
carma,female
nicklas,male
brienne,unknown
steve5,unknown
arvind,male
inuji,unknown
wan,andy
laura626,unknown
edin,male
ryuji,male
anson,male
elrod,unknown
jef,male
dunkerque,unknown
moriah,female
violet,female
mirza,male
terry0,unknown
maicol,unknown
samuli,male
lizzette,unknown
cassius,unknown
sonya,female
art75,unknown
kiesha,unknown
skypen,unknown
ayaroots,unknown
kibwe,unknown
jax,unknown
alycia,female
cc,unknown
tranq,unknown
micki,female
alisha,female
gurkan,unknown
ayesha,female
shiella,unknown
kenyon,male
tyrone,male
jamoraquai,unknown
mayhemstyle,unknown
abraham,male
wahyu,unknown
ditya,unknown
yashowardhan,unknown
adam1,unknown
kylie,female
nino,male
roycin,unknown
juju,unknown
pier,male
sarper,male
jamil,male
taciana,unknown
bj,unknown
rick33,unknown
idit,female
yoash,unknown
tofi,unknown
ces,unknown
hema,female
chaitanya,unknown
noslen,unknown
holger,male
germaine,female
gary8,unknown
lance5,unknown
praan,unknown
yelena,female
amandeep,unknown
prava,unknown
assem,female
rajy,unknown
daniel6,unknown
brigette,female
valerie18,unknown
ck,unknown
divya,female
freddie,mostly_male
janish,unknown
nyc,unknown
todd72,unknown
gordy,male
janice,female
maneesh,unknown
jomo,unknown
yelta,unknown
rocktristan,unknown
nano,unknown
keyan,andy
kla,unknown
hilarey,unknown
marlon,male
justin3,unknown
aliya,female
nipul,unknown
paolo6,unknown
talia,female
judd,male
addie,female
grayson,male
judi,female
margery,female
chang,andy
minoru,mostly_male
grubhunter,unknown
parag,unknown
lex,male
ste,unknown
dale,mostly_male
nichol,female
ceaz,unknown
tamseel,unknown
tate,mostly_male
ciara,female
baoding,unknown
gergo,unknown
finian,unknown
jill85,unknown
robyn3,unknown
rabih,male
john75,unknown
mafer,unknown
benton,male
karishma,unknown
tori1,unknown
alfonso,male
pasi,male
jerico,unknown
starmen,unknown
lei,andy
daiver,unknown
antociano,unknown
lukeca,unknown
juan3,unknown
sats,unknown
jiaxin,andy
chas,male
pooja,female
emiel,male
kristijan,male
geer,unknown
jonah,male
tenani,unknown
yurena,unknown
jinwon,unknown
younhaholic,unknown
suntaek,unknown
sujin,female
cennec,unknown
kogi,unknown
borja,male
sergio6,unknown
daiane,unknown
jaewook,unknown
wizardee,unknown
jungmin,mostly_male
czar,unknown
giuliano,male
fuck,unknown
fletcher,male
aurelie,female
ramenos,unknown
cynx,unknown
babsi,female
filip0,unknown
zach0,unknown
claes,male
yesari,unknown
taner,male
moa,unknown
krishnan,male
artniyet,unknown
natali,female
saygun,unknown
seda,female
olcum,unknown
tuce,unknown
tufan,male
laze,unknown
ozer,unknown
simla,unknown
cihan,male
serkan,male
elif,female
prarthana,unknown
lindsey5,unknown
shama,unknown
skene,unknown
absco,unknown
vyshalee,unknown
mackenzie,mostly_female
liliana,female
annelise,female
rishi,unknown
annum,unknown
thomaz,unknown
kir,unknown
rania,female
garron,unknown
tania,female
belindie,unknown
liesl,female
karson,male
chiranjeevi,unknown
baric,unknown
aleksey,male
sherri,female
andrian,male
louisana,unknown
dwek,unknown
jarod,male
nk,unknown
kemosan,unknown
nour,mostly_female
hass,unknown
dimitar,male
172,unknown
luciano3,unknown
laura94,unknown
memi,unknown
donal,male
selwyn,male
edmund,male
wyman,male
kayleigh,female
forest,male
shiki,unknown
pallavi,female
sundy,unknown
kaylan,unknown
aung,unknown
yongjian,andy
hiperterminal,unknown
christine735,unknown
matty,mostly_female
michael28,unknown
shermeen,unknown
linna,andy
ericka,female
granger,unknown
davier,unknown
jaron,male
abbas,male
joubran,unknown
u_take,unknown
gotetsu,unknown
itsurou,unknown
kazuhiko,male
shinichiro,male
namagaki,unknown
kato,male
mariho,unknown
you_got,unknown
toru,male
yukitake,unknown
12,unknown
mb6885,unknown
kab,unknown
fwkw3521,unknown
ball1515,unknown
grezou,unknown
yoshitaka,male
lef,unknown
tsuda,unknown
masanori,male
saygo,unknown
sayutaro,unknown
kenshi,unknown
yin,andy
hirotomo,unknown
rumi,female
jaume,male
zaharrra,unknown
wai,andy
cathal,male
tatiane,unknown
gabriele,female
roberta,female
di,female
y4,unknown
tercio,unknown
zeca,unknown
elton,male
cris,male
mozart,unknown
cairo,unknown
vicente,male
snoxishere,unknown
planet,unknown
tero,male
eero,male
petrus,male
teemu,male
edit,female
leyo,unknown
aritra,unknown
lp,unknown
kyle33,unknown
belinda,female
wilf,unknown
hollie,female
vezunchik,unknown
tash,unknown
azalio,unknown
nizar,male
edmundo,male
brieuc,male
puchilla,unknown
panchordenes,unknown
smudger,unknown
oat,unknown
mlocker,unknown
sirot,unknown
charath,unknown
thanasitt,unknown
akirabong,unknown
koy,unknown
timtam,unknown
adisorn,unknown
natsakon,unknown
esz,unknown
thanat,unknown
lik,unknown
naelok,unknown
katerina,female
mette,female
yoshitak,unknown
massava,unknown
yasushi,male
q_p_,unknown
0,unknown
ryo7000,unknown
akira6,unknown
yoshiki,male
thug,unknown
konstantin7,unknown
38,unknown
viktoriya,female
minimall,unknown
gyne,unknown
theppitak,unknown
hattam,unknown
klipsch,unknown
shota,male
koaladroid,unknown
tomomi,mostly_female
mitsutaka,unknown
rashisuke,unknown
inuse,unknown
sabiinu,unknown
sho,male
coji_coji3,unknown
tora,female
sakimura,unknown
kosuke,male
sohshi,unknown
taisuke,male
atlux,unknown
keito2005,unknown
boohbah,unknown
taku,male
alicia1,unknown
vanilla,unknown
saulo,male
57,unknown
hamache9821,unknown
4,unknown
osapon,unknown
poppo,unknown
riki,female
parlan,unknown
tetsu,male
shiro_nuko,unknown
jacopever,unknown
hasitetu,unknown
butasan2007,unknown
inu,unknown
satomi,female
hisataka,unknown
fumitake,unknown
ganeza,unknown
naoishix,unknown
hec,unknown
amanda85,unknown
iago,male
veera,female
kirsi,female
liisa,female
outi,female
jussi,male
marjo,female
amadi,unknown
kissaguramii,unknown
dipak,male
shingoy,unknown
taiyo,male
semmu,unknown
seventh81,unknown
rekka,unknown
arisugawakoen,unknown
wells,unknown
xassodesignware,unknown
sekai,unknown
yamachu,unknown
yash,unknown
wp,unknown
kanoka,unknown
junji,male
yoshiya,female
clomie,unknown
melindajones,unknown
pakorn,unknown
pakkard,unknown
tanomsak,unknown
golfza,unknown
itsia,unknown
72,unknown
adamayt,unknown
ruel,unknown
otarako,unknown
hide,unknown
koichi,male
hisanori,female
moyashi,unknown
mochi_oka,unknown
halkc,unknown
maako,unknown
keisuke,male
chuleta,unknown
shoichi,male
ikachan77,unknown
sk8danna,unknown
kurocub,unknown
gustav,male
katsura,female
sakhno,unknown
igor8,unknown
dimon,unknown
valeriy,male
konstantin,male
mainak,unknown
andy84,unknown
ruro,unknown
ian71,unknown
gerardo,male
dapperq,unknown
lieven,male
eric0,unknown
shion,unknown
sajtos,unknown
sidonaldson,unknown
liam,male
jie,andy
tdlugg,unknown
georgina,female
bayu,unknown
martino,male
villa,unknown
raiji,unknown
nando,male
leandro4,unknown
joana,female
sandy6,unknown
carollina,unknown
gema,female
peppe,unknown
sebastiano,male
moses,male
basti,unknown
m_al,unknown
milos,unknown
karsten5,unknown
ralf,male
admonkey,unknown
sonke,unknown
josue,male
akndsch,unknown
esben,male
neusquick,unknown
giulliana,unknown
jotajota,unknown
lachlan,male
florus,unknown
paradisepets,unknown
monna,female
maso,unknown
tasha,female
kazuto,male
ksk,unknown
saisiki,unknown
dafun,unknown
libor,male
patrik,male
jeff62,unknown
anne6,unknown
augusto,male
regtm,unknown
alison9,unknown
loryn,unknown
mitra,female
alwin,male
chibi_friend,unknown
mukku,unknown
nepa,unknown
zsuzsi,female
mariann,female
wim,male
roderik,male
davin,male
finan,unknown
be,mostly_female
zuntsuku,unknown
nao,female
satoshi2000,unknown
bandit,unknown
colin24,unknown
miklos,unknown
rone,unknown
katalin,female
zsofia,unknown
sandor,unknown
joackim,unknown
fatmawati,unknown
poca,unknown
rarirureroppa,unknown
yuto,unknown
zeeshan,male
bhavin,unknown
jolene,female
sulev,male
triin,female
elinor,female
auris,unknown
basilio,male
rico,male
frank7,unknown
ger,andy
openos,unknown
gradje,andy
wouterjan,unknown
pen,andy
reiner,male
owey,unknown
mikyvel,unknown
eralda,female
willemijn,female
hessel,male
darchibald,unknown
jelle,male
vida,female
hermanni,male
lauri,male
thorbjrn,unknown
elvis,male
tadej,male
yuki,mostly_female
samit,unknown
kaye,female
prathan,unknown
laura64,unknown
matt31,unknown
3373,unknown
whisha,unknown
miisai,unknown
tak,andy
falls,unknown
sjoerd,male
mingo,unknown
jukka,male
janek,male
peer,male
fumiaki,male
6260,unknown
satoshi,male
krishna,andy
lam,mostly_male
crimson,unknown
kassim,male
alyssa,female
rodney,male
crawford,male
ninjaw,unknown
martyn,male
alasdair,male
half,unknown
pauli,male
rini,andy
iarno,unknown
jolly,female
teddy,male
n,unknown
ariane,female
storm,mostly_male
grisha,male
valera,unknown
agu,male
lolita,female
cat9,unknown
flyin,unknown
frikille,unknown
freda,female
nonie,unknown
agustin,male
fab,unknown
guillemette,female
zaki,male
dw,unknown
tadayuki,male
shunsuke,male
fliss,unknown
heitor,male
filipi,unknown
dricks,unknown
heleno,male
tales,unknown
klaus,male
cleber,unknown
priscilla,female
mb,unknown
kirstie,female
kaue,unknown
rosman,unknown
mahadizan,unknown
hatagaya2,unknown
yutaka,mostly_male
yoshimi2,unknown
oyaji,unknown
tatsumi,female
marijn,andy
bojidar,male
cinzia,female
yasu,unknown
khee,unknown
ting,andy
lj,unknown
amrit,andy
hiderows,unknown
takayuki,male
andrianshah,unknown
thor,male
jennie,female
jason5,unknown
brianna,female
callorus,unknown
iryoji,unknown
bakishin,unknown
one,female
samu,male
kngtrdr,unknown
meenah,unknown
leea,unknown
hamsah,unknown
ariz,unknown
diederik,male
milkman,unknown
ashok,mostly_male
pf,unknown
brittny,female
chi,andy
sezayi,male
tanausu,unknown
jacobo,male
hyungsoo,unknown
slider_037,unknown
fx62,unknown
emirhan,male
wicvic,unknown
mert,male
gamze,female
ryan30,unknown
erlend,male
sanya,unknown
miggy,unknown
rl3,unknown
gina0,unknown
yanfeng,andy
dipesh,unknown
kotaro,male
hiragino,unknown
aoki,unknown
hirohiko,male
5roo,unknown
toshi7,unknown
meiza,unknown
k14,unknown
qbass,unknown
samia,female
elder,unknown
banana,unknown
sampo,male
feles,unknown
wiktor,male
vladislav,male
mireia,female
fructuoso,unknown
supernova,unknown
juanra,unknown
marwann,unknown
boy,male
sookpichaya,unknown
chatyanukorn,unknown
yodyiam,unknown
ton,male
t,unknown
754,unknown
t_cognac,unknown
357,unknown
yadych,unknown
planetrock3d,unknown
retrospective,unknown
bunkanomichi,unknown
4sq_test,unknown
mayuko,female
iskwtty,unknown
kiyokazu,unknown
kumila,unknown
hamanysan,unknown
403,unknown
ngsddd,unknown
kenchaman,unknown
ppgn,unknown
zaltower,unknown
toomaaruu,unknown
noemia,female
neti,unknown
kkiwwi,unknown
tatsuya,male
yuyang,andy
naturalism,unknown
takuo,male
artiom,male
81,unknown
slavik,male
eeg,unknown
tripster,unknown
vinod,male
alyse,female
muhammad,male
danik777,unknown
motohiro,male
ayana,female
kaix,unknown
mutsumi,mostly_female
mykle,unknown
sam7,unknown
katona,unknown
barbara3,unknown
deni,unknown
yk_mad,unknown
attila,male
narib0,unknown
merel,female
taneli,male
rowena,female
liakwee,unknown
aofz,unknown
31,unknown
rihye,unknown
yoshiaki,male
yuta,female
lennert,male
flo,unknown
bassoon5091,unknown
pp,unknown
giulia,female
evgeny,male
anatoliy,male
aman,male
chiaki0924,unknown
razorbeam,unknown
kerppu,unknown
tomonori,male
tetsuo,male
del,female
joslyn,female
philsbury,unknown
alexa,female
ruyman,unknown
godly,unknown
dovidena,unknown
crubbby,unknown
rika,female
takafumi,male
rosa,female
ruben4,unknown
phisut,unknown
jek,unknown
trueplus,unknown
aemgtz,unknown
dekichi,unknown
reinaldo,male
andika,unknown
wafu,unknown
deann,female
ilona,female
wiebe,male
rampa,unknown
apostol,male
yuu,female
