,Ego,Cross Entropy
80-20,00-a,-3.791771793
80-20,26,-5.071373834
80-20,29,-3.05364452
80-20,4280,-1.327176198
80-20,4sq-seoul,-2.618654622
80-20,826,-3.260911647
80-20,87,-3.317917869
80-20,890,-3.801862547
80-20,a-t,-2.150169529
80-20,aaron-bailey2,-5.196595982
80-20,aaron-chronister,-2.640349084
80-20,aaron-cruz,-6.278675745
80-20,aaron-landry,-4.784316902
80-20,aaron-palmer,-4.314716038
80-20,aaron-rutledge,-5.990416913
80-20,aaron-strout,-4.622338886
80-20,adam-brodowski,-4.003307393
80-20,adam-cohen,-3.395608635
80-20,adam-fullerton,-5.415513428
80-20,adam-holden-bache,-5.431778772
80-20,adam-jackson,-1.641870857
80-20,adam-okrasinski,-3.18246262
80-20,adam-ostrow,-3.779774565
80-20,akifumi-yamashita,-4.241602628
80-20,akira-puku,-4.984417955
80-20,akshay-dodeja,-4.158244227
80-20,alan-cordova,-2.782804166
80-20,alastair-green,-4.218964873
80-20,albert-lee4,-5.625691254
80-20,alex-rainert,-6.477018549
80-20,alex-white,-4.398941171
80-20,alexandr-blohin,-3.538362912
80-20,alexey-dolotov,-2.427859141
80-20,alexis-dorenter,-4.807950797
80-20,alicia-wong,-2.082682087
80-20,allan-m88,-2.653591106
80-20,allan-martinson,-7.40976624
80-20,alli,-3.217116189
80-20,amanda-spurlock,-3.443761081
80-20,amber-case,-2.674407776
80-20,amber-rae-lambke,-4.398031839
80-20,amir-cohen,-4.37920312
80-20,amish-shah,-3.328996076
80-20,ana-h,-4.673058775
80-20,andrea-rosen,-3.798504596
80-20,andrei-zmievski,-3.660813536
80-20,andrew-dumas,-5.202798726
80-20,andrew-grill,-5.870291325
80-20,andrew-mager,-3.733845502
80-20,andrew-nystrom,-1.881550682
80-20,andrew-pile,-3.700033235
80-20,andrew-shults,-4.177492003
80-20,andy-amendola,-5.604108886
80-20,andy-hadfield,-5.892313049
80-20,angela-baxley,-5.26379249
80-20,angela-chou,-6.136083033
80-20,angie-k,-3.643573721
80-20,angus-logan,-3.639298345
80-20,anita-brooklynbybike-singh,-4.720897897
80-20,anjelika-paranjpe,-6.090246786
80-20,anna-d,-5.583983304
80-20,anna-frenkel,-4.213492736
80-20,annie-lesser,-2.913252815
80-20,annie-sorensen,-3.614613243
80-20,anthony-cafaro,-5.819130503
80-20,april-underwood,-4.088975798
80-20,ari-greenberg,-5.919432823
80-20,armand-gaerlan,-4.267856229
80-20,asher-yanich,-4.707605106
80-20,atknktn,-2.041492939
80-20,atsushi-nakamura,-5.313984301
80-20,audrey-nieh,-4.889308298
80-20,ayumi-m,-4.029700572
80-20,barrett-lane,-7.693746408
80-20,barry-goldlist,-6.765486852
80-20,beau-lebens,-3.215512576
80-20,becky-jacobs,-1.506451923
80-20,ben-alter,-2.302353647
80-20,ben-fullerton,-3.416119673
80-20,ben-kessler,-4.474775689
80-20,ben-parr,-5.349953966
80-20,ben-roodman,-4.174375398
80-20,ben-tesch,-6.320766343
80-20,benjamin-bloom,-3.41283282
80-20,benton-barnett,-3.564697678
80-20,bill-graney,-3.76334822
80-20,bill-johnson,-4.037364417
80-20,blake-whitman,-3.671427635
80-20,blanca-del-castillo,-2.823536341
80-20,bob-buch,-2.854474572
80-20,bob-upham,-4.584735563
80-20,boon-yap,-3.178526337
80-20,brad-benson,-4.048094937
80-20,brad-thompson,-4.970918579
80-20,brandon-chesnutt,-3.727624492
80-20,brandon-perlman,-3.280560864
80-20,brandt-flomer,-4.112756231
80-20,brendan-bilko,-3.197025657
80-20,brian-buggie,-4.19405895
80-20,brian-kalma,-3.824701685
80-20,brian-moore3,-3.538619936
80-20,brian-papa,-5.384508774
80-20,brian-shoemaker,-6.395635928
80-20,brian-stelter,-5.395359572
80-20,brian35,-4.505127044
80-20,brooke-lynn-luat,-2.23595881
80-20,bryan-jones,-4.420679596
80-20,brynn-evans,-3.948557542
80-20,burt-herman,-5.659549
80-20,butakao,-4.044767412
80-20,callorus,-3.829132786
80-20,cap-watkins,-4.19125359
80-20,carla-blumenthal,-4.163626203
80-20,caroline-mccarthy,-2.422657916
80-20,cassel-kroll,-4.845414121
80-20,cathy-griffith,-5.20399695
80-20,celsius,-3.64388466
80-20,cesar-razuri,-4.851013046
80-20,chapin-clark,-3.351897377
80-20,chase-turner,-1.36302238
80-20,chelsea-dubinsky,-5.420521636
80-20,chet-gulland,-4.824635665
80-20,chris-ayres,-3.79126933
80-20,chris-burkhart,-5.460749225
80-20,chris-carter5,-3.037149657
80-20,chris-hutchins,-4.605960944
80-20,chris-iversen,-3.726563386
80-20,chris-mccann8,-2.013169342
80-20,chris-messina7,-4.324477047
80-20,chris-oleary,-3.080252044
80-20,chris-pendleton,-3.070486065
80-20,chris-zacharias,-3.419520804
80-20,christian-hughes,-3.427316381
80-20,christina-cacioppo,-5.011771041
80-20,christopher-doorley,-6.664424286
80-20,chuck-reynolds,-4.087365595
80-20,cia-b,-5.939386705
80-20,ciprian-tutu,-3.812544021
80-20,coen-jacobs,-3.461452773
80-20,colin-burns7,-4.03964715
80-20,conner-mccall,-3.349719061
80-20,cooper-smith7,-3.065658968
80-20,craig-pladson,-3.284964967
80-20,craig-saper,-3.573435649
80-20,cristina-r,-4.016063023
80-20,cuauthemoc-sandoval,-1.987082508
80-20,d1co,-4.694533277
80-20,damian-damjanovski,-3.821659885
80-20,damien-basile,-3.874757209
80-20,dan-chizzoniti,-2.37710744
80-20,dan-dofter,-2.714828737
80-20,dan-entin,-7.462170703
80-20,dan-hon,-2.677122665
80-20,dan-manco,-4.301399703
80-20,dan-viens,-3.323608866
80-20,dana-brandon-kreiss,-2.033712648
80-20,dane-deasy,-3.663546852
80-20,daniel-newman,-3.839804669
80-20,danielle-eck,-3.940792958
80-20,danielle-morrill,-5.456659598
80-20,danny-nathan,-4.178504944
80-20,darold-cuba,-2.511898068
80-20,darrell-whitelaw,-1.852749147
80-20,daryn-nakhuda,-4.959718281
80-20,dave-edwards,-3.128140273
80-20,dave-kerpen,-4.184516813
80-20,dave-nattriss,-7.409654032
80-20,dave-s,-6.714280465
80-20,dave-taylor,-5.927627688
80-20,dave-weinberg,-7.56826642
80-20,david-berkowitz,-3.486277877
80-20,david-fraga,-2.668802675
80-20,david-laster,-3.51504371
80-20,david-lifson,-5.886278703
80-20,david-rosen,-4.535594662
80-20,david-trahan,-2.699022915
80-20,dawn-winchester,-2.702265147
80-20,dean-faustman,-3.282501128
80-20,dennis-mykytyn,-3.05017471
80-20,dennis-yang,-4.908521797
80-20,dens,-3.560881221
80-20,derric-podschun,-5.165629065
80-20,devin-brown,-5.846303389
80-20,devin-reams,-2.922584017
80-20,dharmesh-shah,-2.709921881
80-20,dhawal-damania,-4.32391795
80-20,dina-fierro,-3.541978807
80-20,dipesh-goel,-3.865748974
80-20,dishan-wijesinghe,-4.707447807
80-20,do9-iigane,-4.089178147
80-20,dolapo-falola,-2.892821944
80-20,dominic-preuss,-2.829042506
80-20,doug-akin,-3.211941493
80-20,doug-chavez,-4.087030262
80-20,doug-jaeger,-6.972123333
80-20,douglas-lin0,-5.316557089
80-20,downtownrob-marlbrough,-4.095306253
80-20,dre-labre,-3.622901292
80-20,dustin-whittle,-5.55192069
80-20,dylan-armajani,-4.254636371
80-20,ed-costello,-3.912797927
80-20,ed-kohler,-2.767812267
80-20,ed-palumbo,-2.736680013
80-20,elavrov,-2.026996695
80-20,ellen-chisa,-3.414720868
80-20,elnif,-3.470254751
80-20,elysa-rice,-2.728630927
80-20,emily-woolf,-1.330072004
80-20,emilyspearl,-3.219368927
80-20,enia-titova,-5.277845001
80-20,enrico-gatti,-6.41699086
80-20,eric-andersen,-3.027754575
80-20,eric-park,-3.197443847
80-20,eric-petersen,-5.486902782
80-20,erik-hess,-5.930489992
80-20,erin-gleason,-5.306009151
80-20,ernie-hsiung,-6.289821993
80-20,esther-assaad,-3.882954446
80-20,ethan-bloch,-3.356525564
80-20,eugene-donca-mollino,-6.401168234
80-20,evan-solomon,-5.488244387
80-20,fakery99,-2.847330393
80-20,fazz0611,-3.653765946
80-20,fernando-maclen,-5.508929126
80-20,florian-fangohr,-4.80310093
80-20,florian-seroussi,-4.283876646
80-20,foughtthebattle,-4.965571617
80-20,fox-woods,-4.600027924
80-20,frank-bovenkerk,-3.812756793
80-20,fred-wilson,-3.196473495
80-20,fumon-masahiro,-2.062813653
80-20,fwkw3521,-2.54376964
80-20,gauri-manglik,-2.123572448
80-20,gavin-becker,-3.299256281
80-20,gcellz-guerrero,-4.244771641
80-20,geoff-kim,-5.407177847
80-20,geoff-wood,-5.834491906
80-20,gerard-ramos,-4.284676904
80-20,gerke-p,-3.768975777
80-20,giancarlo-pitocco,-4.632096722
80-20,gijsbregt-brouwer,-3.561343589
80-20,golee,-2.78959256
80-20,goryugo,-2.677704545
80-20,gotetsu,-0.736584009
80-20,grace-aldridge,-6.251615013
80-20,graeme-douglas,-4.094591736
80-20,grant-hutchins,-4.479997418
80-20,greg,-3.710443006
80-20,greg-dean,-2.959725039
80-20,halle-tecco,-6.550830969
80-20,hashem-bajwa,-4.591938256
80-20,hawaii,-7.867746525
80-20,heather-hynes,-4.099699156
80-20,heather-macdonald,-3.162299048
80-20,heiko-hebig,-5.400626719
80-20,henry-balanon,-4.217250484
80-20,hillary-lannan,-4.855502931
80-20,hironao,-4.953120088
80-20,hiroyuki-hirakoba,-3.813877268
80-20,hugo-perez,-3.133262629
80-20,hyungtak-kim,-4.627146823
80-20,hyunwoo-yi,-3.626929544
80-20,iamkhayyam,-3.984717023
80-20,iboncool,-2.197592381
80-20,idan-cohen,-2.739730586
80-20,ihase,-2.931787291
80-20,indira-vaidy,-6.184524486
80-20,irene-tien,-4.024842792
80-20,istvan-busak,-4.739397273
80-20,itsia-lee,-4.033945634
80-20,ivan-k,-4.087403243
80-20,j-allen,-2.191072359
80-20,jacob-abernathy,-3.60867498
80-20,jacob-btter,-4.886396939
80-20,jae-r,-4.451970506
80-20,jaime-punishill,-4.672455348
80-20,jake-dwyer,-6.580880028
80-20,jake-furst,-5.192790753
80-20,james-huerta,-2.607052384
80-20,jan-videren6,-6.126993471
80-20,janelle-gunther,-3.772332524
80-20,janine-freriks,-3.671236869
80-20,jared-may,-5.23714695
80-20,jared-taylor,-2.403420716
80-20,jase-patrizio,-3.11386412
80-20,jason-anderson,-4.168310524
80-20,jason-kende,-4.446494174
80-20,jason-lafrenais,-3.101282093
80-20,jason-lake,-2.532310155
80-20,jason-liszka,-4.087522342
80-20,jason-sack,-5.399740843
80-20,jason-smith1,-3.815445486
80-20,jasoncarlin,-1.024617999
80-20,jazznotjazz,-2.738830486
80-20,jeff-amlin,-5.487940141
80-20,jenn-bee,-6.689777331
80-20,jenn-lowther,-4.424189046
80-20,jenn-ng,-6.674015444
80-20,jenn-winger,-3.889790189
80-20,jenna-odett,-1.965260058
80-20,jennifer-boyd,-5.017449844
80-20,jennifer-mcknight,-4.099478576
80-20,jennifer-van-grove,-4.821799024
80-20,jeremy-kim,-1.941768127
80-20,jeremy-perry,-4.752400633
80-20,jeremy-whelchel,-3.622776624
80-20,jesper-andersen,-3.059554882
80-20,jesse-brightman,-5.156340358
80-20,jesse-middleton,-3.178201013
80-20,jessica-murray,-3.615966948
80-20,jessica-worthington,-7.094862012
80-20,jessica01,-3.368234174
80-20,jh-ko,-3.063656799
80-20,jihoon-yeo,-2.738616563
80-20,jill-hanner,-4.87653572
80-20,jill-nussbaum,-3.67308522
80-20,jim-techfrog-alden,-4.503140505
80-20,jim-w,-3.20889316
80-20,jinwon-kim,-3.40398623
80-20,jiri-masek,-5.342583525
80-20,jjangmi,-3.783050088
80-20,joanna-belbey,-4.539187769
80-20,joe-hall,-3.929707022
80-20,joe-rideout,-8.421441642
80-20,joey-leslie,-6.395271221
80-20,john-carew,-3.885614561
80-20,john-decicco,-4.543970183
80-20,john-fayard,-2.516667577
80-20,john-lyons,-5.238565764
80-20,john-mccartney,-2.639126855
80-20,john-preston-jr,-4.615013406
80-20,john-rojas,-3.3792685
80-20,john-sanchez2,-4.294038449
80-20,john-wallace6,-2.971419253
80-20,john-wiseman,-2.777015254
80-20,john-zanussi,-4.12070284
80-20,john1,-2.232900357
80-20,jon-accarrino,-6.752641058
80-20,jon-rohan,-5.96140621
80-20,jon-steinberg,-3.288839459
80-20,jonathan-kopp,-7.801914713
80-20,jonathan-vu,-3.807392752
80-20,jong-hyeon-choi,-1.90956215
80-20,jose-gutierrez,-4.346033221
80-20,joselin-mane,-6.962579767
80-20,josh-copeland,-6.589538932
80-20,josh-rubin,-4.273029428
80-20,josh-weinberger-kitson,-3.876093907
80-20,joshua-ehart,-2.846933418
80-20,joshua-kaufman,-2.742824362
80-20,joy-londok,-3.81199969
80-20,jp-kim,-2.130628943
80-20,jr47,-4.624444094
80-20,justin-kalifowitz,-6.947378465
80-20,justin-moore,-2.367901814
80-20,justin-thorp,-2.777616367
80-20,k_sukigara,-2.821991004
80-20,kaerugeko,-4.121645488
80-20,kaichi-kuroda,-4.761373822
80-20,kanoka,-3.090996883
80-20,karen-lee,-2.152272082
80-20,karen-monahan,-3.167491655
80-20,karma,-4.43959579
80-20,kate-goldsmith,-3.350598842
80-20,kate-hypes,-5.014342105
80-20,kate-ritchie,-4.331059852
80-20,katie-meza,-4.871577516
80-20,kazu-skywalker,-1.814853322
80-20,kazuhito-kidachi,-3.899153379
80-20,kazuya-takeshima,-2.823411976
80-20,keegan-jones,-6.331343418
80-20,keegan-y-v,-5.059319247
80-20,keith-robinson,-3.656388964
80-20,kelly-lavaute,-3.875541969
80-20,kelly-sutton,-3.834319643
80-20,kemosan,-3.514314866
80-20,kenneth-auchenberg,-4.253121048
80-20,kevin-dando,-4.072487495
80-20,kevin-gawthrope,-3.993509772
80-20,kevin-pfefferle,-6.182497272
80-20,kevin-silverman,-4.216529853
80-20,kevin-skobac,-4.557831723
80-20,keynas-jeong,-5.886002834
80-20,khoa-le,-3.87965564
80-20,kibbe,-3.869389857
80-20,kimberly-the-bold-iv,-4.250915207
80-20,kira,-5.039049992
80-20,koichi,-3.754303992
80-20,komata-yuichiro,-4.093320318
80-20,koray-caner-ozturk,-4.992468672
80-20,korobkov,-2.972231885
80-20,kristin-maverick,-3.675487858
80-20,krystyl-b,-4.592922364
80-20,kushal-dave,-4.325078808
80-20,kyle-cameron-studstill,-6.526556257
80-20,kyle-dean-reinford,-4.0687484
80-20,kyujin-lee,-4.490924767
80-20,kyung-jin-kim,-2.70806166
80-20,lars-bastholm,-6.329457338
80-20,laura-boychenko,-2.865061377
80-20,laura-macleod,-3.109363521
80-20,lauren-hannah,-3.40016061
80-20,leeclo,-3.215155273
80-20,len-kendall,-2.613294609
80-20,lesley-forrester,-3.380324329
80-20,lindsay-kaplan,-4.418078652
80-20,lindsey-lanpher,-3.809493569
80-20,liz-b,-3.476522318
80-20,lizzy,-4.686434802
80-20,localkit,-3.149321852
80-20,lockhart-steele,-3.726824693
80-20,loop99,-3.47745908
80-20,loritodd,-3.845207399
80-20,maarten-peschier,-3.360974112
80-20,mac,-5.133930549
80-20,maggie-liu,-2.827610608
80-20,magnus-martin,-5.873389628
80-20,malcolm-ong,-4.882843586
80-20,malte-goesche,-1.910961705
80-20,manabu-tanaka,-1.882649958
80-20,manisha-m,-4.137728516
80-20,marc-vermut,-5.076645633
80-20,marcelino-alvarez,-4.4815647
80-20,marci-ikeler,-3.438529142
80-20,marcos-lopez-carlson,-2.128104543
80-20,marcus1,-2.403412668
80-20,maria-ogneva,-3.716568529
80-20,mario-anima,-5.792452907
80-20,mark-burstiner,-4.15844619
80-20,mark-g,-4.845446171
80-20,mark-graham,-3.355448234
80-20,mark-himmelsbach,-4.453373078
80-20,markus-eckartz,-5.361361533
80-20,marla-mccormick,-4.486391067
80-20,martin-thornkvist,-5.888442126
80-20,mary-ann-porch,-3.644680937
80-20,mary-crosse,-2.61146506
80-20,mary-elise-chavez,-2.315915752
80-20,mash-lol,-5.058245443
80-20,mathieu,-3.776169901
80-20,matsukaz,-5.813359453
80-20,matt-britton,-5.034007215
80-20,matt-ellsworth,-3.988008549
80-20,matt-galligan,-3.839168078
80-20,matt-ganzak,-3.639931784
80-20,matt-hagel,-4.294924683
80-20,matt-hunter,-4.507369465
80-20,matt-hurst,-4.469832145
80-20,matt-van-horn,-4.321780826
80-20,matt-wurst,-4.092476176
80-20,matthew-caldecutt,-3.544590235
80-20,matthew-lucero,-2.744607744
80-20,matthew-pantoja,-3.256346138
80-20,matthew-schultz,-4.464463321
80-20,maura-johnston,-2.768943541
80-20,maya-baratz,-3.774572359
80-20,meghan-keane,-5.575776577
80-20,meghan-murphy,-3.93905157
80-20,melodie-tao,-5.019315759
80-20,meryl-cooper,-2.392695329
80-20,micah-baldwin,-4.615680493
80-20,micah-craig,-4.452998799
80-20,micah-saul,-3.143725841
80-20,michael-disalvo,-4.823790828
80-20,michael-karnjanaprakorn,-4.158078364
80-20,michael-milberger,-4.92704841
80-20,michael-sharon,-4.395097958
80-20,michael-tabtabai,-5.097508002
80-20,michael-thacker,-4.473547376
80-20,michele-b,-1.636205273
80-20,michelle-shildkret,-2.944459843
80-20,mike-diliberto,-3.593296939
80-20,mike-dizon,-4.740833439
80-20,mike-dudas,-5.923915021
80-20,mike-fabio,-2.548896467
80-20,mike-mostransky,-3.582892999
80-20,mike-odea,-4.118027166
80-20,mike-street,-5.467257825
80-20,mikey-il,-6.556526763
80-20,mikhail-geisherik,-2.05059564
80-20,minsu-ju,-3.469042842
80-20,miriam-ryan,-1.84322277
80-20,mochi_oka,-4.946249992
80-20,mohit-santram,-2.830862401
80-20,morgan-brown,-3.462913677
80-20,morgan-holzer,-3.068040273
80-20,morgan-missentzis,-2.54698935
80-20,mplstv,-3.819098937
80-20,mtths,-5.001974887
80-20,nadia56,-4.442480337
80-20,nan-palmero,-3.271802663
80-20,nantan,-1.598493824
80-20,natanielle-murta,-4.995912913
80-20,nate-bolt,-4.42597299
80-20,nate-folkert,-2.977580466
80-20,nathan-archambault,-3.494370012
80-20,nathan-folkman,-2.032661913
80-20,nic-hernandez,-4.849336975
80-20,nic-werner,-5.35377053
80-20,nick-bilton,-3.602300714
80-20,nick-douglas,-5.798210357
80-20,nick-foden,-5.422118544
80-20,nick-johnson,-5.817849634
80-20,nick-lamb,-3.150300649
80-20,nick-vlku,-3.104294109
80-20,nicole-dcruz,-5.451504762
80-20,nicole-de-beaufort,-3.145103715
80-20,nicole-hering,-4.59166876
80-20,nikki5,-2.967065226
80-20,nina-kjarval,-3.506394716
80-20,nob-seki,-4.018458233
80-20,noelle-sadler,-4.169576126
80-20,octavio-maron,-3.094651337
80-20,onepiece-chopper,-2.705284081
80-20,orchid-liu,-4.69431244
80-20,orli-sharaby,-3.913920535
80-20,oscar-trelles,-5.039085454
80-20,otarako,-3.714832086
80-20,owen-thomas,-4.089693521
80-20,paloma-vazquez,-3.889578157
80-20,pamela-vaughter,-4.388592465
80-20,pat-bronson,-3.116406363
80-20,pat-hu,-2.375320012
80-20,patrick,-4.270547302
80-20,patrick-roanhouse,-3.203341879
80-20,patrick-simkins,-2.400795912
80-20,paul-stamatiou,-2.689606301
80-20,paull-young,-5.22575304
80-20,pav-c,-3.816376827
80-20,pete-3,-5.545321176
80-20,pete-dirksen,-4.265320319
80-20,pete-jelliffe,-4.318669588
80-20,peter-cortez,-5.433540566
80-20,peter-kim,-3.603469093
80-20,peter-knierim,-5.466062383
80-20,peter-mullen,-3.659845328
80-20,phil-buehler,-4.406938392
80-20,phil-gillman,-4.775398566
80-20,phil-hamilton,-7.953845477
80-20,philippe-surber,-5.298948993
80-20,phillip-lamplugh,-2.850613568
80-20,phoebe-e,-3.187726208
80-20,pierre-arlais,-1.086246388
80-20,pinkpeco,-1.959090232
80-20,poooooon-caraldo,-4.869614761
80-20,prashant-agarwal,-4.793742427
80-20,rachel-barbarotta,-4.384799661
80-20,rachel-levy,-5.101162962
80-20,rafael-p,-4.45231875
80-20,rafael-rivera,-6.658200424
80-20,rameet-chawla,-5.902446711
80-20,rannie-turingan,-6.964491564
80-20,regina-walton,-2.344358064
80-20,remington-guest,-3.130142168
80-20,renato-valdes-olmos,-4.120386974
80-20,ricardo-diaz,-4.128666099
80-20,richard-titus,-3.758358092
80-20,richie-edquid,-4.013263167
80-20,richlocation,-2.845413929
80-20,rick-jessup,-5.279846756
80-20,rick-turoczy,-5.400315076
80-20,rick-webb,-3.816635701
80-20,rick-wion,-5.227103303
80-20,ricky-engelberg,-4.446762963
80-20,riki-sekita,-3.304760898
80-20,ritwik-dey,-2.943059217
80-20,rob-fishman,-7.615484807
80-20,rob-hitt,-5.777494721
80-20,rob-schneider,-5.462417863
80-20,robert-scoble,-2.949095698
80-20,roberto-osorio-goenaga,-3.108533496
80-20,rod-begbie,-6.162665814
80-20,ron-schott,-4.219031203
80-20,ron-villacarillo,-3.387585543
80-20,rosie-siman,-4.780998899
80-20,ryan-king,-4.135698434
80-20,ryan-lawler,-3.462171858
80-20,ryan-matzner,-4.718949994
80-20,ryan-meray,-3.680262136
80-20,ryan-moede,-4.20644974
80-20,ryan-sarver,-3.668114208
80-20,sabine-de-witte,-6.190689497
80-20,sam-ys-yoo,-5.210799562
80-20,sam7,-4.677314079
80-20,sammy-silva,-3.526933708
80-20,sandro-pigoni,-5.336506921
80-20,sandro-pugliese,-3.161568748
80-20,sandy-bell,-4.251487356
80-20,sang-uk-bae,-4.156963425
80-20,sarah-conley,-3.001241973
80-20,sarah-cooley,-2.302101605
80-20,sarah-giardina,-3.241604875
80-20,sarah-harrison,-3.254405317
80-20,sarah-wulfeck,-5.591878353
80-20,saul-colt,-2.09847299
80-20,schneidermike-schneidermike,-6.759974313
80-20,scott-falconer,-3.903445174
80-20,scott-ferguson,-4.342087305
80-20,scott-gallaher,-4.825745018
80-20,sean-donovan,-3.816145761
80-20,sean-mcdonald,-3.792437399
80-20,selene-liszka,-4.067247533
80-20,senator-john-blutarski,-6.072221795
80-20,seth-blank,-3.438060266
80-20,seth-goldstein,-5.740772578
80-20,seth-weisfeld,-2.34779971
80-20,shane-vitarana,-5.396592193
80-20,sharman-ordoyne,-5.614312767
80-20,shaun-rance,-3.887050392
80-20,shehab-hamad,-4.841820715
80-20,shinya-ichinohe,-3.051551434
80-20,shinya-sakemoto,-2.401736684
80-20,siegfrid,-4.034495095
80-20,siobhan-quinn,-3.657433889
80-20,some-inu,-4.535589398
80-20,song-yeong-min,-3.392340837
80-20,soup-soup,-4.818241415
80-20,stan-chin,-2.900305662
80-20,steffen-siegrist,-2.822788992
80-20,stephan-macleod,-5.686336336
80-20,stephen-fox,-4.533184981
80-20,stephen-koch,-5.112654722
80-20,steve-levine2,-4.154818455
80-20,steve-luu,-4.794804081
80-20,steve-s07,-3.267577947
80-20,steven-suwatanapongched,-2.576649668
80-20,stuart-tracte,-3.452571083
80-20,sugutti-kova,-5.050901788
80-20,suki-b,-5.211668857
80-20,summer-bedard,-4.06866206
80-20,sung-ki-park,-5.717444397
80-20,sunghwan-kim,-5.109349767
80-20,sunny-ng,-4.603318259
80-20,sutae-kim,-4.236774734
80-20,suzanne-marlatt,-2.036891013
80-20,suzy-chase-osborne,-6.217271179
80-20,sven-ahrens,-4.059798669
80-20,syochin,-5.830026988
80-20,takafumi,-4.103355241
80-20,takeshi-yamamoto,-3.045244363
80-20,tara-hunt,-3.817955819
80-20,tara-jepson,-4.900383766
80-20,tarah-feinberg,-2.106691092
80-20,tatiana-krasnova,-2.485091593
80-20,tatiana-peck,-3.696548353
80-20,taylor-newby,-2.994928099
80-20,techgurujeff,-3.053384861
80-20,ted-rheingold,-6.455781024
80-20,terrence,-6.59611091
80-20,teru,-3.140496951
80-20,tessa-horehled,-6.049132059
80-20,tetsuya-sato,-3.723960548
80-20,thais-lima,-2.138965207
80-20,the-corcoran-group,-5.730580275
80-20,thefatapple,-2.365799172
80-20,theodora-blanchfield,-3.065523126
80-20,thomas-trumble,-3.728452318
80-20,thug-style,-3.355742103
80-20,tikva-morowati,-5.443870221
80-20,tim-kane,-3.377488911
80-20,tim-kersey,-3.544038262
80-20,tim-shey,-4.065671832
80-20,tim-vetter,-3.281679792
80-20,timoni-grone,-3.802202679
80-20,tina-hui,-3.553067336
80-20,tj-cho,-4.554140987
80-20,toby-padilla,-5.193533766
80-20,todd-carpenter,-5.858437014
80-20,tollef-biggs,-4.345207497
80-20,tom-cummings,-4.032667733
80-20,tom-mascardo,-5.554805318
80-20,tomo-himajin,-2.826762108
80-20,tony-bacigalupo,-4.970630211
80-20,toonmonk,-2.617357461
80-20,tsubasa-a,-3.558410744
80-20,twanna-hines,-3.455714098
80-20,tyler-fitch,-6.704117521
80-20,tyler-t,-3.012781739
80-20,tyler-willis,-2.615454839
80-20,unityan,-1.203556882
80-20,uzu,-3.287315601
80-20,vignesh-ram,-2.222454473
80-20,ville-vihermaa,-5.236715782
80-20,vince-maniago,-2.398209422
80-20,vishal-sapra,-4.522841485
80-20,walter-elly,-4.708769258
80-20,wan-wan,-3.235364588
80-20,wayne-r,-2.788651658
80-20,wayne-sutton,-4.270626094
80-20,werner-vogels,-2.826300406
80-20,whitney-jefferson,-4.198032792
80-20,whitney6,-4.131511335
80-20,william-beutler,-2.294203987
80-20,william-toll,-6.615719949
80-20,wungjae-hyun,-5.700875177
80-20,yawen-c,-3.254643964
80-20,yoshihiro,-3.711392506
80-20,yoshihiro-minegishi,-4.340175809
80-20,younhaholic,-4.081057946
80-20,yuichi1123,-2.923426916
80-20,yuina-azu,-3.914824609
80-20,yuna-park,-4.046319952
80-20,yuri-van-geest,-4.73273593
80-20,zach-klein,-4.432155353
80-20,zach-linder,-5.64312554
80-20,zach-seward,-4.530250047
80-20,zachary-blank,-2.892317277
80-20,zack-simone,-4.934212503
80-20,zeeshan-h,-7.283508991
50-50,00-a,-4.023276946
50-50,26,-2.03100506
50-50,29,-0.879416036
50-50,4280,-0.741521272
50-50,4sq-seoul,-1.85685852
50-50,826,-2.089316601
50-50,87,-2.05673699
50-50,890,-3.015163066
50-50,a-t,-0.250289251
50-50,aaron-bailey2,-3.493182331
50-50,aaron-chronister,-2.405605894
50-50,aaron-cruz,-4.767639098
50-50,aaron-landry,-3.886409852
50-50,aaron-palmer,-4.010723657
50-50,aaron-rutledge,-2.54230156
50-50,aaron-strout,-4.001355599
50-50,adam-brodowski,-3.925427838
50-50,adam-cohen,-1.700507155
50-50,adam-fullerton,-3.707684998
50-50,adam-holden-bache,-2.503648234
50-50,adam-jackson,-0.959695716
50-50,adam-okrasinski,-2.229625551
50-50,adam-ostrow,-2.28083016
50-50,akifumi-yamashita,-1.729501464
50-50,akira-puku,-1.45539409
50-50,akshay-dodeja,-2.23809161
50-50,alan-cordova,-1.28330313
50-50,alastair-green,-1.776864229
50-50,albert-lee4,-2.764552739
50-50,alex-rainert,-2.903504876
50-50,alex-white,-2.38112192
50-50,alexandr-blohin,-0.820932173
50-50,alexey-dolotov,-2.438806481
50-50,alexis-dorenter,-3.949184257
50-50,alicia-wong,-1.437862329
50-50,allan-m88,-1.587415039
50-50,allan-martinson,-5.377760246
50-50,alli,-1.770305376
50-50,amanda-spurlock,-2.242805971
50-50,amber-case,-1.339651401
50-50,amber-rae-lambke,-3.862645354
50-50,amir-cohen,-2.236557762
50-50,amish-shah,-1.791456768
50-50,ana-h,-3.779547025
50-50,andrea-rosen,-2.396528466
50-50,andrei-zmievski,-2.96931853
50-50,andrew-dumas,-3.128372722
50-50,andrew-grill,-3.932257755
50-50,andrew-mager,-0.58596216
50-50,andrew-nystrom,-1.314776237
50-50,andrew-pile,-2.774401158
50-50,andrew-shults,-2.480633679
50-50,andy-amendola,-3.281426082
50-50,andy-hadfield,-2.899476947
50-50,angela-baxley,-2.675326035
50-50,angela-chou,-4.415711821
50-50,angie-k,-3.229486952
50-50,angus-logan,-2.619879994
50-50,anita-brooklynbybike-singh,-2.894834624
50-50,anjelika-paranjpe,-2.595747411
50-50,anna-d,-3.121730927
50-50,anna-frenkel,-2.062303922
50-50,annie-lesser,-1.510947433
50-50,annie-sorensen,-1.824114229
50-50,anthony-cafaro,-2.366969926
50-50,april-underwood,-3.523529608
50-50,ari-greenberg,-1.976597203
50-50,armand-gaerlan,-2.336029685
50-50,asher-yanich,-2.663982382
50-50,atknktn,-1.993775372
50-50,atsushi-nakamura,-3.789373166
50-50,audrey-nieh,-5.506888688
50-50,ayumi-m,-1.595279479
50-50,barrett-lane,-2.458897597
50-50,barry-goldlist,-1.613556576
50-50,beau-lebens,-2.513219422
50-50,becky-jacobs,-1.544442622
50-50,ben-alter,-0.785603544
50-50,ben-fullerton,-2.59566107
50-50,ben-kessler,-3.179761474
50-50,ben-parr,-3.143567748
50-50,ben-roodman,-2.563419499
50-50,ben-tesch,-2.133208442
50-50,benjamin-bloom,-1.944074481
50-50,benton-barnett,-2.137133643
50-50,bill-graney,-2.142352036
50-50,bill-johnson,-1.482915809
50-50,blake-whitman,-1.417190519
50-50,blanca-del-castillo,-3.092131575
50-50,bob-buch,-2.013835199
50-50,bob-upham,-3.157823411
50-50,boon-yap,-1.710525676
50-50,brad-benson,-3.605621327
50-50,brad-thompson,-2.781380287
50-50,brandon-chesnutt,-2.513648138
50-50,brandon-perlman,-2.615971756
50-50,brandt-flomer,-1.214517497
50-50,brendan-bilko,-2.07357156
50-50,brian-buggie,-1.226318988
50-50,brian-kalma,-1.161806361
50-50,brian-moore3,-2.46755405
50-50,brian-papa,-4.040935341
50-50,brian-shoemaker,-4.436756247
50-50,brian-stelter,-2.294528
50-50,brian35,-1.862446807
50-50,brooke-lynn-luat,-1.396947701
50-50,bryan-jones,-3.558980033
50-50,brynn-evans,-2.265770371
50-50,burt-herman,-3.692464815
50-50,butakao,-4.418505061
50-50,callorus,-2.870024726
50-50,cap-watkins,-2.660299865
50-50,carla-blumenthal,-3.366925059
50-50,caroline-mccarthy,-1.785387958
50-50,cassel-kroll,-4.258310845
50-50,cathy-griffith,-4.254032298
50-50,celsius,-1.669588464
50-50,cesar-razuri,-2.919798988
50-50,chapin-clark,-2.909307386
50-50,chase-turner,-0.782881227
50-50,chelsea-dubinsky,-2.814928171
50-50,chet-gulland,-4.166436834
50-50,chris-ayres,-2.059290034
50-50,chris-burkhart,1.114404984
50-50,chris-carter5,-0.397504916
50-50,chris-hutchins,-3.160724747
50-50,chris-iversen,-3.293372993
50-50,chris-mccann8,-1.759298551
50-50,chris-messina7,-2.600035269
50-50,chris-oleary,-2.162007464
50-50,chris-pendleton,-2.462699789
50-50,chris-zacharias,-2.749253955
50-50,christian-hughes,-2.424862256
50-50,christina-cacioppo,-2.2776153
50-50,christopher-doorley,-2.999742679
50-50,chuck-reynolds,-0.356873648
50-50,cia-b,-3.956519338
50-50,ciprian-tutu,-2.452103099
50-50,coen-jacobs,-2.581294346
50-50,colin-burns7,-2.389668868
50-50,conner-mccall,-2.599984877
50-50,cooper-smith7,-1.54305307
50-50,craig-pladson,-2.397787045
50-50,craig-saper,-2.47996198
50-50,cristina-r,-2.111494246
50-50,cuauthemoc-sandoval,-1.794465834
50-50,d1co,-2.894666389
50-50,damian-damjanovski,-3.611071853
50-50,damien-basile,-1.099739009
50-50,dan-chizzoniti,-0.719530806
50-50,dan-dofter,-1.907547092
50-50,dan-entin,-1.894907303
50-50,dan-hon,-2.398797872
50-50,dan-manco,-2.601391482
50-50,dan-viens,-0.604013966
50-50,dana-brandon-kreiss,-1.084189297
50-50,dane-deasy,-2.839094653
50-50,daniel-newman,-2.861232403
50-50,danielle-eck,-2.200150937
50-50,danielle-morrill,-2.483850797
50-50,danny-nathan,-2.747322118
50-50,darold-cuba,-1.109567713
50-50,darrell-whitelaw,-2.416527175
50-50,daryn-nakhuda,-1.529852956
50-50,dave-edwards,-1.685058236
50-50,dave-kerpen,-2.556276141
50-50,dave-nattriss,-4.015773596
50-50,dave-s,-1.653507937
50-50,dave-taylor,-4.332952234
50-50,dave-weinberg,-2.475334817
50-50,david-berkowitz,-1.688590103
50-50,david-fraga,-1.738079658
50-50,david-laster,-2.338981955
50-50,david-lifson,-2.941366323
50-50,david-rosen,-3.097806877
50-50,david-trahan,-1.007340508
50-50,dawn-winchester,-0.821471861
50-50,dean-faustman,-1.645113476
50-50,dennis-mykytyn,-2.012967523
50-50,dennis-yang,-3.615449392
50-50,dens,-2.798686409
50-50,derric-podschun,-4.454609185
50-50,devin-brown,-3.067667152
50-50,devin-reams,-2.159216669
50-50,dharmesh-shah,-2.093080213
50-50,dhawal-damania,-3.874239096
50-50,dina-fierro,-2.329101972
50-50,dipesh-goel,-2.7393154
50-50,dishan-wijesinghe,-3.926649493
50-50,do9-iigane,-2.673775555
50-50,dolapo-falola,-1.02281696
50-50,dominic-preuss,-2.549797531
50-50,doug-akin,-1.981859984
50-50,doug-chavez,-3.182339629
50-50,doug-jaeger,-3.495067983
50-50,douglas-lin0,-3.809326383
50-50,downtownrob-marlbrough,-2.176767222
50-50,dre-labre,-2.568333205
50-50,dustin-whittle,-1.97747689
50-50,dylan-armajani,-2.39914647
50-50,ed-costello,-2.159512618
50-50,ed-kohler,-1.386524986
50-50,ed-palumbo,0.022054
50-50,elavrov,0.947988867
50-50,ellen-chisa,-2.115174839
50-50,elnif,-3.663152246
50-50,elysa-rice,-2.731040023
50-50,emily-woolf,-0.729158261
50-50,emilyspearl,-1.693397963
50-50,enia-titova,-4.78637235
50-50,enrico-gatti,-2.734794835
50-50,eric-andersen,-1.84917992
50-50,eric-park,-2.897407331
50-50,eric-petersen,-5.396150873
50-50,erik-hess,-4.328736781
50-50,erin-gleason,-4.469335533
50-50,ernie-hsiung,-3.966006831
50-50,esther-assaad,-3.342595692
50-50,ethan-bloch,-3.132180035
50-50,eugene-donca-mollino,-5.81727728
50-50,evan-solomon,-4.725371764
50-50,fakery99,-3.189238996
50-50,fazz0611,-2.052415457
50-50,fernando-maclen,-1.762477243
50-50,florian-fangohr,-1.852486076
50-50,florian-seroussi,-2.83504664
50-50,foughtthebattle,-2.759528485
50-50,fox-woods,-3.940700983
50-50,frank-bovenkerk,-2.987479448
50-50,fred-wilson,-1.664322648
50-50,fumon-masahiro,-2.17997043
50-50,fwkw3521,-0.675252471
50-50,gauri-manglik,-0.490798813
50-50,gavin-becker,-2.04889736
50-50,gcellz-guerrero,-4.323270942
50-50,geoff-kim,-4.506882114
50-50,geoff-wood,-2.463863062
50-50,gerard-ramos,-4.153520075
50-50,gerke-p,-2.388077742
50-50,giancarlo-pitocco,-2.376924963
50-50,gijsbregt-brouwer,-3.689951131
50-50,golee,-2.251694463
50-50,goryugo,-1.143736565
50-50,gotetsu,0.045107876
50-50,grace-aldridge,-3.73826082
50-50,graeme-douglas,-2.696488028
50-50,grant-hutchins,-1.522127861
50-50,greg,-2.612954452
50-50,greg-dean,-1.547216154
50-50,halle-tecco,-2.74476065
50-50,hashem-bajwa,-2.484269112
50-50,hawaii,-1.927831458
50-50,heather-hynes,-3.108877437
50-50,heather-macdonald,-3.721341278
50-50,heiko-hebig,-3.394116414
50-50,henry-balanon,-2.519198368
50-50,hillary-lannan,-2.018895078
50-50,hironao,-3.556721678
50-50,hiroyuki-hirakoba,-2.969237687
50-50,hugo-perez,-0.912827985
50-50,hyungtak-kim,-0.708009881
50-50,hyunwoo-yi,-1.113630945
50-50,iamkhayyam,-1.392761636
50-50,iboncool,-1.09744055
50-50,idan-cohen,-2.797210636
50-50,ihase,-2.227949619
50-50,indira-vaidy,-3.591415859
50-50,irene-tien,-3.483583024
50-50,istvan-busak,-3.927152929
50-50,itsia-lee,-3.393740662
50-50,ivan-k,-3.397647733
50-50,j-allen,-1.902707949
50-50,jacob-abernathy,-1.024852262
50-50,jacob-btter,-2.247895737
50-50,jae-r,-1.145178499
50-50,jaime-punishill,0.557260863
50-50,jake-dwyer,-0.499630752
50-50,jake-furst,-3.722278916
50-50,james-huerta,-1.416755445
50-50,jan-videren6,-3.690747634
50-50,janelle-gunther,-2.020473057
50-50,janine-freriks,-4.352184853
50-50,jared-may,-2.351525468
50-50,jared-taylor,-1.405905852
50-50,jase-patrizio,-2.019834278
50-50,jason-anderson,-1.55264135
50-50,jason-kende,-2.304059051
50-50,jason-lafrenais,-2.567931113
50-50,jason-lake,-1.524435006
50-50,jason-liszka,-2.942463958
50-50,jason-sack,-2.752403299
50-50,jason-smith1,-3.02805724
50-50,jasoncarlin,-0.7064198
50-50,jazznotjazz,-1.228672946
50-50,jeff-amlin,-1.559901294
50-50,jenn-bee,-3.564729436
50-50,jenn-lowther,-2.181215804
50-50,jenn-ng,-3.174794974
50-50,jenn-winger,-2.14544426
50-50,jenna-odett,-1.347431536
50-50,jennifer-boyd,-3.709704094
50-50,jennifer-mcknight,-2.02015487
50-50,jennifer-van-grove,-3.232207856
50-50,jeremy-kim,-0.121664466
50-50,jeremy-perry,-2.149316516
50-50,jeremy-whelchel,-2.205524392
50-50,jesper-andersen,-1.888157124
50-50,jesse-brightman,-3.452956411
50-50,jesse-middleton,-2.586484103
50-50,jessica-murray,-1.538498652
50-50,jessica-worthington,-2.80301763
50-50,jessica01,-1.486991839
50-50,jh-ko,-2.284010982
50-50,jihoon-yeo,-1.856151178
50-50,jill-hanner,-2.943322335
50-50,jill-nussbaum,-2.205269695
50-50,jim-techfrog-alden,-1.952564767
50-50,jim-w,-2.744280511
50-50,jinwon-kim,-1.827012706
50-50,jiri-masek,-3.626753998
50-50,jjangmi,-1.251474024
50-50,joanna-belbey,-2.590999941
50-50,joe-hall,-2.459652993
50-50,joe-rideout,-2.812198768
50-50,joey-leslie,-4.591259604
50-50,john-carew,-2.024015804
50-50,john-decicco,-3.121397058
50-50,john-fayard,-1.214033654
50-50,john-lyons,-4.577872011
50-50,john-mccartney,-1.613703465
50-50,john-preston-jr,-0.42191102
50-50,john-rojas,-1.948019225
50-50,john-sanchez2,-2.635019615
50-50,john-wallace6,-2.022225596
50-50,john-wiseman,-0.887189041
50-50,john-zanussi,-2.453126617
50-50,john1,-2.215187531
50-50,jon-accarrino,-2.642706358
50-50,jon-rohan,-5.826201429
50-50,jon-steinberg,-2.918648136
50-50,jonathan-kopp,-7.677482941
50-50,jonathan-vu,-2.714914269
50-50,jong-hyeon-choi,-0.775423972
50-50,jose-gutierrez,-1.892622295
50-50,joselin-mane,-4.750831781
50-50,josh-copeland,-3.665038887
50-50,josh-rubin,-3.889314577
50-50,josh-weinberger-kitson,-2.359730177
50-50,joshua-ehart,-2.228515139
50-50,joshua-kaufman,-1.072557976
50-50,joy-londok,-2.226648328
50-50,jp-kim,-1.459431761
50-50,jr47,-2.86217809
50-50,justin-kalifowitz,-3.57845874
50-50,justin-moore,-1.909521532
50-50,justin-thorp,-1.425246391
50-50,k_sukigara,-2.12918303
50-50,kaerugeko,-4.32035966
50-50,kaichi-kuroda,-3.827397046
50-50,kanoka,-1.6432753
50-50,karen-lee,-0.249256299
50-50,karen-monahan,-1.702713285
50-50,karma,-4.429980792
50-50,kate-goldsmith,-1.600216398
50-50,kate-hypes,-3.30451608
50-50,kate-ritchie,-2.884993527
50-50,katie-meza,-4.360384213
50-50,kazu-skywalker,-1.551773051
50-50,kazuhito-kidachi,-2.503826784
50-50,kazuya-takeshima,-2.257422217
50-50,keegan-jones,-2.394748436
50-50,keegan-y-v,-3.561219115
50-50,keith-robinson,-2.297150648
50-50,kelly-lavaute,-2.387103406
50-50,kelly-sutton,-1.013979014
50-50,kemosan,-1.86837462
50-50,kenneth-auchenberg,-2.658717927
50-50,kevin-dando,-1.920958158
50-50,kevin-gawthrope,-2.315696084
50-50,kevin-pfefferle,-2.276768524
50-50,kevin-silverman,-1.846183196
50-50,kevin-skobac,-3.86027698
50-50,keynas-jeong,-4.412413974
50-50,khoa-le,-1.657475685
50-50,kibbe,-3.265080429
50-50,kimberly-the-bold-iv,-2.179221857
50-50,kira,-3.915610015
50-50,koichi,-3.149312356
50-50,komata-yuichiro,-1.923737224
50-50,koray-caner-ozturk,-3.848429969
50-50,korobkov,-0.83350772
50-50,kristin-maverick,-2.592517852
50-50,krystyl-b,-3.436205247
50-50,kushal-dave,-2.352104482
50-50,kyle-cameron-studstill,-6.51852961
50-50,kyle-dean-reinford,-2.578898535
50-50,kyujin-lee,-2.661487911
50-50,kyung-jin-kim,-1.934003579
50-50,lars-bastholm,-3.458417855
50-50,laura-boychenko,-2.65221364
50-50,laura-macleod,-1.849455729
50-50,lauren-hannah,-2.494749274
50-50,leeclo,-3.367476568
50-50,len-kendall,-1.074077717
50-50,lesley-forrester,-3.429382097
50-50,lindsay-kaplan,-3.636165526
50-50,lindsey-lanpher,-1.401119235
50-50,liz-b,-2.124417876
50-50,lizzy,-1.795635507
50-50,localkit,-1.516780599
50-50,lockhart-steele,-1.786356252
50-50,loop99,-3.437207756
50-50,loritodd,-2.924899953
50-50,maarten-peschier,-3.16139999
50-50,mac,-4.1982258
50-50,maggie-liu,-0.650143672
50-50,magnus-martin,-2.920400001
50-50,malcolm-ong,-2.486537273
50-50,malte-goesche,-2.343872427
50-50,manabu-tanaka,-0.868496949
50-50,manisha-m,-2.976106611
50-50,marc-vermut,-2.266844244
50-50,marcelino-alvarez,-2.603338378
50-50,marci-ikeler,-1.986604613
50-50,marcos-lopez-carlson,-1.218697186
50-50,marcus1,-1.266840635
50-50,maria-ogneva,-2.874590802
50-50,mario-anima,-3.436018087
50-50,mark-burstiner,-2.315633928
50-50,mark-g,-2.213488669
50-50,mark-graham,-2.993752665
50-50,mark-himmelsbach,-2.832089294
50-50,markus-eckartz,-1.005901412
50-50,marla-mccormick,-2.030364321
50-50,martin-thornkvist,-3.790388022
50-50,mary-ann-porch,-3.250952079
50-50,mary-crosse,-0.344108858
50-50,mary-elise-chavez,-1.396905976
50-50,mash-lol,-2.766871399
50-50,mathieu,-2.514094649
50-50,matsukaz,-3.373617188
50-50,matt-britton,-2.14061378
50-50,matt-ellsworth,-2.773018246
50-50,matt-galligan,-2.503817562
50-50,matt-ganzak,-3.358220453
50-50,matt-hagel,-4.442308674
50-50,matt-hunter,-4.022656275
50-50,matt-hurst,-1.999169807
50-50,matt-van-horn,-2.50500687
50-50,matt-wurst,-2.867866255
50-50,matthew-caldecutt,-2.466349437
50-50,matthew-lucero,-1.582384638
50-50,matthew-pantoja,-2.451104878
50-50,matthew-schultz,-3.100671987
50-50,maura-johnston,-0.726232855
50-50,maya-baratz,-2.694670477
50-50,meghan-keane,-4.644282904
50-50,meghan-murphy,-2.289139891
50-50,melodie-tao,-2.770110985
50-50,meryl-cooper,-1.733623897
50-50,micah-baldwin,-3.572195288
50-50,micah-craig,-1.538910468
50-50,micah-saul,-1.730356856
50-50,michael-disalvo,-5.105202576
50-50,michael-karnjanaprakorn,-1.562694574
50-50,michael-milberger,-3.248544502
50-50,michael-sharon,-2.688858733
50-50,michael-tabtabai,-2.225444132
50-50,michael-thacker,-3.227058311
50-50,michele-b,-1.11929197
50-50,michelle-shildkret,-1.630838903
50-50,mike-diliberto,-1.994238258
50-50,mike-dizon,-3.541998383
50-50,mike-dudas,-4.553854128
50-50,mike-fabio,-1.992006712
50-50,mike-mostransky,-2.529687642
50-50,mike-odea,-1.539055996
50-50,mike-street,-2.00649057
50-50,mikey-il,-1.663601557
50-50,mikhail-geisherik,-1.01630846
50-50,minsu-ju,-1.619442511
50-50,miriam-ryan,-0.838859351
50-50,mochi_oka,-2.741573365
50-50,mohit-santram,-2.219323477
50-50,morgan-brown,-1.141233882
50-50,morgan-holzer,-1.060427079
50-50,morgan-missentzis,-2.624702676
50-50,mplstv,-3.368930082
50-50,mtths,-4.816002826
50-50,nadia56,-2.224978531
50-50,nan-palmero,-1.46218138
50-50,nantan,-1.751953225
50-50,natanielle-murta,-0.718416821
50-50,nate-bolt,-3.824744337
50-50,nate-folkert,-2.579341876
50-50,nathan-archambault,-2.308327404
50-50,nathan-folkman,-0.920398772
50-50,nic-hernandez,-1.754566809
50-50,nic-werner,-3.099383951
50-50,nick-bilton,-1.619945603
50-50,nick-douglas,-2.804656554
50-50,nick-foden,-3.333693038
50-50,nick-johnson,-4.095204017
50-50,nick-lamb,-1.514887254
50-50,nick-vlku,-2.183277236
50-50,nicole-dcruz,-3.541903556
50-50,nicole-de-beaufort,-1.392569572
50-50,nicole-hering,-2.848018845
50-50,nikki5,-2.469311494
50-50,nina-kjarval,-1.920666873
50-50,nob-seki,-3.141561619
50-50,noelle-sadler,-2.639877413
50-50,octavio-maron,-2.285554108
50-50,onepiece-chopper,-1.066670951
50-50,orchid-liu,-2.450946245
50-50,orli-sharaby,-4.378924662
50-50,oscar-trelles,-3.387883587
50-50,otarako,-4.247372317
50-50,owen-thomas,-2.871688014
50-50,paloma-vazquez,-4.040203198
50-50,pamela-vaughter,-2.9645548
50-50,pat-bronson,-1.0262581
50-50,pat-hu,-2.145064353
50-50,patrick,-2.646443008
50-50,patrick-roanhouse,-2.300088485
50-50,patrick-simkins,-2.769891275
50-50,paul-stamatiou,-1.933028531
50-50,paull-young,-1.977531636
50-50,pav-c,-3.275232954
50-50,pete-3,-1.157732504
50-50,pete-dirksen,-2.483656381
50-50,pete-jelliffe,-2.30169309
50-50,peter-cortez,-1.509742424
50-50,peter-kim,-2.392977369
50-50,peter-knierim,-3.225857876
50-50,peter-mullen,-1.511104695
50-50,phil-buehler,-4.015148707
50-50,phil-gillman,-3.076011938
50-50,phil-hamilton,-4.482268694
50-50,philippe-surber,-4.364059822
50-50,phillip-lamplugh,-0.9874302
50-50,phoebe-e,-2.687750738
50-50,pierre-arlais,-1.56306314
50-50,pinkpeco,-1.694890205
50-50,poooooon-caraldo,-2.987099438
50-50,prashant-agarwal,-2.251616901
50-50,rachel-barbarotta,-3.366099113
50-50,rachel-levy,-1.481904971
50-50,rafael-p,-3.64537943
50-50,rafael-rivera,-5.310095024
50-50,rameet-chawla,-4.795205129
50-50,rannie-turingan,-3.89984167
50-50,regina-walton,-1.927056521
50-50,remington-guest,-2.971336167
50-50,renato-valdes-olmos,-4.255687884
50-50,ricardo-diaz,-2.251355308
50-50,richard-titus,-1.976779973
50-50,richie-edquid,-1.837247331
50-50,richlocation,0.026045395
50-50,rick-jessup,-5.06529897
50-50,rick-turoczy,-5.042469574
50-50,rick-webb,-2.600301429
50-50,rick-wion,-3.021847184
50-50,ricky-engelberg,-2.427213697
50-50,riki-sekita,-3.947405035
50-50,ritwik-dey,-0.597907116
50-50,rob-fishman,-5.664621682
50-50,rob-hitt,-4.982109813
50-50,rob-schneider,-3.23500171
50-50,robert-scoble,-0.876088613
50-50,roberto-osorio-goenaga,-1.647582478
50-50,rod-begbie,-1.75417727
50-50,ron-schott,-2.282835807
50-50,ron-villacarillo,-3.340629264
50-50,rosie-siman,-4.850976574
50-50,ryan-king,-2.241317879
50-50,ryan-lawler,-2.236192958
50-50,ryan-matzner,-2.795317056
50-50,ryan-meray,-1.904082604
50-50,ryan-moede,-3.133420046
50-50,ryan-sarver,-2.885034257
50-50,sabine-de-witte,-3.585937596
50-50,sam-ys-yoo,-2.256638785
50-50,sam7,-2.180443131
50-50,sammy-silva,-1.508106599
50-50,sandro-pigoni,-3.645597229
50-50,sandro-pugliese,-1.914827336
50-50,sandy-bell,-3.113201663
50-50,sang-uk-bae,0.417181998
50-50,sarah-conley,-1.964556978
50-50,sarah-cooley,-0.627539054
50-50,sarah-giardina,-1.456766645
50-50,sarah-harrison,-2.691717971
50-50,sarah-wulfeck,-1.924406876
50-50,saul-colt,-0.325423303
50-50,schneidermike-schneidermike,-3.360184587
50-50,scott-falconer,-2.575487862
50-50,scott-ferguson,-2.357474965
50-50,scott-gallaher,-3.669010346
50-50,sean-donovan,-3.065853836
50-50,sean-mcdonald,-3.280768121
50-50,selene-liszka,-2.125145977
50-50,senator-john-blutarski,-4.181490181
50-50,seth-blank,-2.77890125
50-50,seth-goldstein,-0.966262921
50-50,seth-weisfeld,-2.843895801
50-50,shane-vitarana,-3.853979
50-50,sharman-ordoyne,-3.07808485
50-50,shaun-rance,-2.002490385
50-50,shehab-hamad,-3.270319974
50-50,shinya-ichinohe,-2.30047112
50-50,shinya-sakemoto,-0.85636131
50-50,siegfrid,-3.74314746
50-50,siobhan-quinn,-2.28425323
50-50,some-inu,-3.754231402
50-50,song-yeong-min,-2.389606602
50-50,soup-soup,-2.52623611
50-50,stan-chin,-2.947372005
50-50,steffen-siegrist,-0.647001426
50-50,stephan-macleod,-3.93173449
50-50,stephen-fox,-3.511981014
50-50,stephen-koch,-3.647101125
50-50,steve-levine2,-2.390615046
50-50,steve-luu,-3.745185988
50-50,steve-s07,-1.951684652
50-50,steven-suwatanapongched,-1.089484048
50-50,stuart-tracte,-2.240340071
50-50,sugutti-kova,-3.576637478
50-50,suki-b,-1.841642964
50-50,summer-bedard,-3.139762359
50-50,sung-ki-park,-4.396995885
50-50,sunghwan-kim,-3.213777237
50-50,sunny-ng,-2.645143332
50-50,sutae-kim,-3.688740423
50-50,suzanne-marlatt,-1.159023708
50-50,suzy-chase-osborne,-2.993434356
50-50,sven-ahrens,-2.46129153
50-50,syochin,-2.746786418
50-50,takafumi,-3.309190824
50-50,takeshi-yamamoto,-1.686462667
50-50,tara-hunt,-4.223152638
50-50,tara-jepson,-3.481901243
50-50,tarah-feinberg,-1.605593749
50-50,tatiana-krasnova,-1.737284758
50-50,tatiana-peck,-2.818314453
50-50,taylor-newby,-2.591327393
50-50,techgurujeff,-1.364388516
50-50,ted-rheingold,-3.283721957
50-50,terrence,-2.690501864
50-50,teru,-1.700697526
50-50,tessa-horehled,-5.518101051
50-50,tetsuya-sato,-1.009197217
50-50,thais-lima,-1.407551948
50-50,the-corcoran-group,-3.37962198
50-50,thefatapple,-0.857016913
50-50,theodora-blanchfield,-3.030603353
50-50,thomas-trumble,-1.471149467
50-50,thug-style,-1.66275558
50-50,tikva-morowati,-2.810992796
50-50,tim-kane,-1.801765358
50-50,tim-kersey,-1.786871482
50-50,tim-shey,-3.000349704
50-50,tim-vetter,-2.009135462
50-50,timoni-grone,-2.023042236
50-50,tina-hui,-2.311749287
50-50,tj-cho,-3.637647171
50-50,toby-padilla,-4.513452874
50-50,todd-carpenter,-3.980572468
50-50,tollef-biggs,-1.365260112
50-50,tom-cummings,-2.910511923
50-50,tom-mascardo,-3.329659644
50-50,tomo-himajin,-1.464603669
50-50,tony-bacigalupo,-3.593255177
50-50,toonmonk,-2.09299878
50-50,tsubasa-a,-1.566722939
50-50,twanna-hines,-2.035370033
50-50,tyler-fitch,-5.584022879
50-50,tyler-t,-0.807057085
50-50,tyler-willis,-3.346695867
50-50,unityan,-0.900405765
50-50,uzu,-3.0963396
50-50,vignesh-ram,-1.004906532
50-50,ville-vihermaa,-2.272353576
50-50,vince-maniago,-2.32286259
50-50,vishal-sapra,-2.115689363
50-50,walter-elly,-2.083590008
50-50,wan-wan,-2.900609148
50-50,wayne-r,-2.079873408
50-50,wayne-sutton,-2.187692039
50-50,werner-vogels,-1.086747784
50-50,whitney-jefferson,-3.238586228
50-50,whitney6,-2.936051771
50-50,william-beutler,-1.550129896
50-50,william-toll,-3.652144458
50-50,wungjae-hyun,-3.046097951
50-50,yawen-c,-2.908260429
50-50,yoshihiro,-4.006016893
50-50,yoshihiro-minegishi,-3.087956821
50-50,younhaholic,-3.681768314
50-50,yuichi1123,-1.151509811
50-50,yuina-azu,-2.246885857
50-50,yuna-park,-3.698379076
50-50,yuri-van-geest,-4.138655051
50-50,zach-klein,-3.28984348
50-50,zach-linder,-4.159394955
50-50,zach-seward,-2.412848065
50-50,zachary-blank,-3.108082901
50-50,zack-simone,-4.177116262
50-50,zeeshan-h,-4.653695506
